ISO-10303-21;
HEADER;
FILE_DESCRIPTION (( 'STEP AP214' ),
    '1' );
FILE_NAME ('CRT_Holder_Lid.STEP',
    '2025-03-08T17:33:52',
    ( '' ),
    ( '' ),
    'SwSTEP 2.0',
    'SolidWorks 2014',
    '' );
FILE_SCHEMA (( 'AUTOMOTIVE_DESIGN' ));
ENDSEC;

DATA;
#1 = VECTOR ( 'NONE', #477, 39.37007874015748100 ) ;
#2 = PLANE ( 'NONE',  #45 ) ;
#3 = CIRCLE ( 'NONE', #1096, 0.2517575834990719000 ) ;
#4 = ADVANCED_FACE ( 'NONE', ( #883, #1517 ), #231, .F. ) ;
#5 = EDGE_CURVE ( 'NONE', #9, #700, #970, .T. ) ;
#6 = CARTESIAN_POINT ( 'NONE',  ( 4.435031496062993700, 0.1499999999999993800, 1.672047244094487400 ) ) ;
#7 = ORIENTED_EDGE ( 'NONE', *, *, #1396, .T. ) ;
#8 = DIRECTION ( 'NONE',  ( -1.000000000000000000, 0.0000000000000000000, 0.0000000000000000000 ) ) ;
#9 = VERTEX_POINT ( 'NONE', #795 ) ;
#10 = EDGE_CURVE ( 'NONE', #1734, #1341, #1435, .T. ) ;
#11 = ORIENTED_EDGE ( 'NONE', *, *, #1777, .F. ) ;
#12 = DIRECTION ( 'NONE',  ( -0.0000000000000000000, 1.000000000000000000, -0.0000000000000000000 ) ) ;
#13 = ORIENTED_EDGE ( 'NONE', *, *, #413, .F. ) ;
#14 = CARTESIAN_POINT ( 'NONE',  ( 1.034820575625056400, 0.1499999999999994100, -1.372047244094488200 ) ) ;
#15 = DIRECTION ( 'NONE',  ( 2.220446049250313100E-016, 1.000000000000000000, 1.718492138283435900E-016 ) ) ;
#16 = EDGE_CURVE ( 'NONE', #432, #1626, #1337, .T. ) ;
#17 = CARTESIAN_POINT ( 'NONE',  ( 4.135031496062993900, 0.1999999999999994000, 1.372047244094487300 ) ) ;
#18 = CARTESIAN_POINT ( 'NONE',  ( 4.135031496062993000, 0.1999999999999994000, -1.460629921259843900 ) ) ;
#19 = CARTESIAN_POINT ( 'NONE',  ( 0.0000000000000000000, 0.0000000000000000000, 2.238188976377953200 ) ) ;
#20 =( NAMED_UNIT ( * ) SI_UNIT ( $, .STERADIAN. ) SOLID_ANGLE_UNIT ( ) );
#21 = VECTOR ( 'NONE', #146, 39.37007874015748100 ) ;
#22 = CIRCLE ( 'NONE', #574, 0.08858267716535209200 ) ;
#23 = PLANE ( 'NONE',  #1728 ) ;
#24 = DIRECTION ( 'NONE',  ( 0.0000000000000000000, -0.0000000000000000000, 1.000000000000000000 ) ) ;
#25 = LINE ( 'NONE', #1033, #571 ) ;
#26 = CARTESIAN_POINT ( 'NONE',  ( 4.135031496062993900, -0.6358188311019684600, 1.372047244094487300 ) ) ;
#27 = DIRECTION ( 'NONE',  ( -0.0000000000000000000, 1.000000000000000000, -0.0000000000000000000 ) ) ;
#28 = VECTOR ( 'NONE', #62, 39.37007874015748100 ) ;
#29 = EDGE_CURVE ( 'NONE', #513, #1261, #334, .T. ) ;
#30 = ORIENTED_EDGE ( 'NONE', *, *, #884, .F. ) ;
#31 = DIRECTION ( 'NONE',  ( -0.0000000000000000000, 1.000000000000000000, -0.0000000000000000000 ) ) ;
#32 =( NAMED_UNIT ( * ) SI_UNIT ( $, .STERADIAN. ) SOLID_ANGLE_UNIT ( ) );
#33 = EDGE_LOOP ( 'NONE', ( #1653, #1809 ) ) ;
#34 = ORIENTED_EDGE ( 'NONE', *, *, #324, .F. ) ;
#35 = DIRECTION ( 'NONE',  ( -1.000000000000000000, 0.0000000000000000000, 0.0000000000000000000 ) ) ;
#36 = ORIENTED_EDGE ( 'NONE', *, *, #1308, .F. ) ;
#37 = VERTEX_POINT ( 'NONE', #224 ) ;
#38 = EDGE_CURVE ( 'NONE', #1582, #743, #808, .T. ) ;
#39 = LINE ( 'NONE', #1157, #1189 ) ;
#40 = CARTESIAN_POINT ( 'NONE',  ( 0.2856296013484253000, 0.1999999999999994300, 2.238188976377953200 ) ) ;
#41 = DIRECTION ( 'NONE',  ( 0.0000000000000000000, 1.000000000000000000, 0.0000000000000000000 ) ) ;
#42 = LINE ( 'NONE', #992, #706 ) ;
#43 = APPLICATION_CONTEXT ( 'automotive_design' ) ;
#44 = ADVANCED_FACE ( 'NONE', ( #573 ), #1085, .F. ) ;
#45 = AXIS2_PLACEMENT_3D ( 'NONE', #1725, #867, #142 ) ;
#46 = CARTESIAN_POINT ( 'NONE',  ( 0.7830629921259847400, -0.1000000000000005100, 2.238188976377953200 ) ) ;
#47 = CARTESIAN_POINT ( 'NONE',  ( 4.435031496062992900, 0.1499999999999993800, -1.072047244094488100 ) ) ;
#48 = VECTOR ( 'NONE', #1351, 39.37007874015748100 ) ;
#49 = ADVANCED_FACE ( 'NONE', ( #1457 ), #1239, .T. ) ;
#50 = ORIENTED_EDGE ( 'NONE', *, *, #1152, .F. ) ;
#51 = EDGE_CURVE ( 'NONE', #674, #648, #761, .T. ) ;
#52 = ORIENTED_EDGE ( 'NONE', *, *, #1618, .F. ) ;
#53 = PLANE ( 'NONE',  #1815 ) ;
#54 = ORIENTED_EDGE ( 'NONE', *, *, #542, .F. ) ;
#55 = CARTESIAN_POINT ( 'NONE',  ( 1.034820575625056400, -0.03622031496063050900, -1.372047244094488200 ) ) ;
#56 = CARTESIAN_POINT ( 'NONE',  ( 4.135031496062993900, 0.1999999999999994000, 1.214566929133857200 ) ) ;
#57 = ORIENTED_EDGE ( 'NONE', *, *, #71, .F. ) ;
#58 = AXIS2_PLACEMENT_3D ( 'NONE', #6, #1006, #853 ) ;
#59 = PRESENTATION_LAYER_ASSIGNMENT (  '', '', ( #561 ) ) ;
#60 = CARTESIAN_POINT ( 'NONE',  ( 1.034820575625056600, -0.03622031496063050900, 1.372047244094487800 ) ) ;
#61 = EDGE_LOOP ( 'NONE', ( #1512, #473, #1576, #748 ) ) ;
#62 = DIRECTION ( 'NONE',  ( -0.0000000000000000000, -0.0000000000000000000, -1.000000000000000000 ) ) ;
#63 = CARTESIAN_POINT ( 'NONE',  ( 0.0000000000000000000, 0.0000000000000000000, -2.238188976377953200 ) ) ;
#64 = EDGE_CURVE ( 'NONE', #1145, #493, #1506, .T. ) ;
#65 = LINE ( 'NONE', #719, #1567 ) ;
#66 = FACE_BOUND ( 'NONE', #1002, .T. ) ;
#67 = PLANE ( 'NONE',  #879 ) ;
#68 = CIRCLE ( 'NONE', #622, 0.1574803149606297800 ) ;
#69 = DIRECTION ( 'NONE',  ( -0.0000000000000000000, -0.0000000000000000000, -1.000000000000000000 ) ) ;
#70 = VERTEX_POINT ( 'NONE', #1231 ) ;
#71 = EDGE_CURVE ( 'NONE', #216, #492, #1760, .T. ) ;
#72 = VERTEX_POINT ( 'NONE', #382 ) ;
#73 = DIRECTION ( 'NONE',  ( -1.224646799147354400E-016, 1.000000000000000000, 0.0000000000000000000 ) ) ;
#74 = EDGE_LOOP ( 'NONE', ( #434, #491, #139, #1603 ) ) ;
#75 = DIMENSIONAL_EXPONENTS ( 1.000000000000000000, 0.0000000000000000000, 0.0000000000000000000, 0.0000000000000000000, 0.0000000000000000000, 0.0000000000000000000, 0.0000000000000000000 ) ;
#76 = CARTESIAN_POINT ( 'NONE',  ( 3.835031496062993700, 0.1499999999999993800, 1.072047244094487500 ) ) ;
#77 = ORIENTED_EDGE ( 'NONE', *, *, #134, .F. ) ;
#78 = ORIENTED_EDGE ( 'NONE', *, *, #1062, .T. ) ;
#79 = AXIS2_PLACEMENT_3D ( 'NONE', #340, #1358, #1219 ) ;
#80 = ORIENTED_EDGE ( 'NONE', *, *, #158, .T. ) ;
#81 = CARTESIAN_POINT ( 'NONE',  ( 0.7830629921259847400, 2.065699506404298400E-017, 2.238188976377953200 ) ) ;
#82 = LINE ( 'NONE', #1840, #773 ) ;
#83 = FACE_OUTER_BOUND ( 'NONE', #1390, .T. ) ;
#84 = DIRECTION ( 'NONE',  ( 1.000000000000000000, 0.0000000000000000000, 0.0000000000000000000 ) ) ;
#85 = VECTOR ( 'NONE', #984, 39.37007874015748100 ) ;
#86 = DIRECTION ( 'NONE',  ( -1.000000000000000000, 0.0000000000000000000, -0.0000000000000000000 ) ) ;
#87 = DIRECTION ( 'NONE',  ( -7.247458046286108400E-018, -1.000000000000000000, 0.0000000000000000000 ) ) ;
#88 = FACE_BOUND ( 'NONE', #1161, .T. ) ;
#89 = AXIS2_PLACEMENT_3D ( 'NONE', #182, #1177, #589 ) ;
#90 = FACE_OUTER_BOUND ( 'NONE', #601, .T. ) ;
#91 = AXIS2_PLACEMENT_3D ( 'NONE', #522, #1712, #105 ) ;
#92 = ORIENTED_EDGE ( 'NONE', *, *, #1210, .F. ) ;
#93 = EDGE_LOOP ( 'NONE', ( #319, #913, #323, #1659 ) ) ;
#94 = DIRECTION ( 'NONE',  ( -1.000000000000000000, 0.0000000000000000000, 0.0000000000000000000 ) ) ;
#95 = ORIENTED_EDGE ( 'NONE', *, *, #120, .T. ) ;
#96 = EDGE_CURVE ( 'NONE', #454, #1226, #1018, .T. ) ;
#97 = ORIENTED_EDGE ( 'NONE', *, *, #130, .F. ) ;
#98 = CARTESIAN_POINT ( 'NONE',  ( 1.034820575625056600, 0.1999999999999994300, 1.460629921259843500 ) ) ;
#99 = ORIENTED_EDGE ( 'NONE', *, *, #270, .T. ) ;
#100 = DIRECTION ( 'NONE',  ( 0.0000000000000000000, 0.0000000000000000000, 1.000000000000000000 ) ) ;
#101 = CARTESIAN_POINT ( 'NONE',  ( 4.883062992125983800, -0.1000000000000000100, 2.238188976377953200 ) ) ;
#102 = ORIENTED_EDGE ( 'NONE', *, *, #266, .T. ) ;
#103 = DIRECTION ( 'NONE',  ( -1.000000000000000000, 0.0000000000000000000, 2.276539994720218900E-016 ) ) ;
#104 = LINE ( 'NONE', #1012, #1475 ) ;
#105 = DIRECTION ( 'NONE',  ( 0.0000000000000000000, 0.0000000000000000000, 1.000000000000000000 ) ) ;
#106 = EDGE_CURVE ( 'NONE', #842, #1582, #1314, .T. ) ;
#107 = LINE ( 'NONE', #1371, #799 ) ;
#108 = LINE ( 'NONE', #299, #1610 ) ;
#109 = CARTESIAN_POINT ( 'NONE',  ( 4.435031496062992900, 0.1999999999999994000, -1.072047244094488100 ) ) ;
#110 = CIRCLE ( 'NONE', #1282, 0.08858267716535223000 ) ;
#111 = SURFACE_SIDE_STYLE ('',( #549 ) ) ;
#112 = FACE_OUTER_BOUND ( 'NONE', #930, .T. ) ;
#113 = AXIS2_PLACEMENT_3D ( 'NONE', #1144, #1707, #1434 ) ;
#114 = CARTESIAN_POINT ( 'NONE',  ( 4.135031496062993900, -0.6358188311019684600, 1.372047244094487300 ) ) ;
#115 = VERTEX_POINT ( 'NONE', #1293 ) ;
#116 = AXIS2_PLACEMENT_3D ( 'NONE', #327, #1066, #471 ) ;
#117 = EDGE_LOOP ( 'NONE', ( #1487, #948, #1305, #426 ) ) ;
#118 = ORIENTED_EDGE ( 'NONE', *, *, #805, .T. ) ;
#119 = ORIENTED_EDGE ( 'NONE', *, *, #663, .F. ) ;
#120 = EDGE_CURVE ( 'NONE', #1179, #296, #1554, .T. ) ;
#121 = CARTESIAN_POINT ( 'NONE',  ( 0.7830629921259847400, -0.1000000000000005100, 2.139763779527559300 ) ) ;
#122 = ADVANCED_FACE ( 'NONE', ( #505 ), #926, .F. ) ;
#123 = EDGE_LOOP ( 'NONE', ( #1515, #1061, #1677, #1679 ) ) ;
#124 = ORIENTED_EDGE ( 'NONE', *, *, #64, .T. ) ;
#125 = DIRECTION ( 'NONE',  ( 1.000000000000000000, 1.356388135212982700E-016, 0.0000000000000000000 ) ) ;
#126 = VECTOR ( 'NONE', #1297, 39.37007874015748100 ) ;
#127 = PLANE ( 'NONE',  #1112 ) ;
#128 = LINE ( 'NONE', #1146, #479 ) ;
#129 = FACE_OUTER_BOUND ( 'NONE', #1784, .T. ) ;
#130 = EDGE_CURVE ( 'NONE', #260, #1598, #997, .T. ) ;
#131 = CARTESIAN_POINT ( 'NONE',  ( 4.135031496062993900, 0.1999999999999994000, 1.372047244094487300 ) ) ;
#132 = CIRCLE ( 'NONE', #1518, 0.1574803149606300600 ) ;
#133 = CARTESIAN_POINT ( 'NONE',  ( 1.034820575625056400, -0.6358188311019672400, -1.372047244094488200 ) ) ;
#134 = EDGE_CURVE ( 'NONE', #513, #560, #1158, .T. ) ;
#135 = ORIENTED_EDGE ( 'NONE', *, *, #1691, .T. ) ;
#136 = ORIENTED_EDGE ( 'NONE', *, *, #1290, .F. ) ;
#137 = CARTESIAN_POINT ( 'NONE',  ( 3.883273912563921300, -0.6358188311019679100, -1.372047244094488400 ) ) ;
#138 = AXIS2_PLACEMENT_3D ( 'NONE', #17, #1611, #1786 ) ;
#139 = ORIENTED_EDGE ( 'NONE', *, *, #1200, .F. ) ;
#140 = CARTESIAN_POINT ( 'NONE',  ( 3.883273912563921700, -1.379392872123423200, 1.372047244094487300 ) ) ;
#141 = ORIENTED_EDGE ( 'NONE', *, *, #1290, .T. ) ;
#142 = DIRECTION ( 'NONE',  ( -1.000000000000000000, 2.775557561562890900E-016, 1.110223024625155900E-016 ) ) ;
#143 = ORIENTED_EDGE ( 'NONE', *, *, #1104, .T. ) ;
#144 = DIRECTION ( 'NONE',  ( -1.000000000000000000, 0.0000000000000000000, -0.0000000000000000000 ) ) ;
#145 = EDGE_LOOP ( 'NONE', ( #233, #124, #143, #1000 ) ) ;
#146 = DIRECTION ( 'NONE',  ( -1.207676704516214000E-016, 1.000000000000000000, -0.0000000000000000000 ) ) ;
#147 = ORIENTED_EDGE ( 'NONE', *, *, #728, .T. ) ;
#148 = ADVANCED_FACE ( 'NONE', ( #1382 ), #1243, .F. ) ;
#149 =( GEOMETRIC_REPRESENTATION_CONTEXT ( 3 ) GLOBAL_UNCERTAINTY_ASSIGNED_CONTEXT ( ( #1013 ) ) GLOBAL_UNIT_ASSIGNED_CONTEXT ( ( #1288, #823, #1116 ) ) REPRESENTATION_CONTEXT ( 'NONE', 'WORKASPACE' ) );
#150 = VECTOR ( 'NONE', #975, 39.37007874015748100 ) ;
#151 = DIRECTION ( 'NONE',  ( -1.000000000000000000, -1.356388135212982700E-016, 0.0000000000000000000 ) ) ;
#152 = VECTOR ( 'NONE', #1842, 39.37007874015748100 ) ;
#153 = CARTESIAN_POINT ( 'NONE',  ( 1.334820575625056200, 0.1499999999999994100, -1.072047244094488100 ) ) ;
#154 = LINE ( 'NONE', #1198, #1 ) ;
#155 = ADVANCED_FACE ( 'NONE', ( #906 ), #621, .F. ) ;
#156 = DIRECTION ( 'NONE',  ( -1.000000000000000000, -0.0000000000000000000, -0.0000000000000000000 ) ) ;
#157 = FACE_OUTER_BOUND ( 'NONE', #1721, .T. ) ;
#158 = EDGE_CURVE ( 'NONE', #1226, #1261, #1296, .T. ) ;
#159 = DIRECTION ( 'NONE',  ( 0.0000000000000000000, 0.0000000000000000000, 1.000000000000000000 ) ) ;
#160 = ORIENTED_EDGE ( 'NONE', *, *, #1543, .T. ) ;
#161 = CARTESIAN_POINT ( 'NONE',  ( 3.835031496062992300, 0.1499999999999993800, -1.672047244094488000 ) ) ;
#162 = ORIENTED_EDGE ( 'NONE', *, *, #1808, .T. ) ;
#163 = EDGE_LOOP ( 'NONE', ( #815, #508, #1563, #451 ) ) ;
#164 = ORIENTED_EDGE ( 'NONE', *, *, #788, .F. ) ;
#165 = DIRECTION ( 'NONE',  ( 0.0000000000000000000, 0.0000000000000000000, -1.000000000000000000 ) ) ;
#166 = ORIENTED_EDGE ( 'NONE', *, *, #205, .T. ) ;
#167 = DIRECTION ( 'NONE',  ( 0.0000000000000000000, 0.0000000000000000000, -1.000000000000000000 ) ) ;
#168 = ORIENTED_EDGE ( 'NONE', *, *, #71, .T. ) ;
#169 = ORIENTED_EDGE ( 'NONE', *, *, #29, .F. ) ;
#170 = EDGE_CURVE ( 'NONE', #1341, #260, #467, .T. ) ;
#171 = EDGE_LOOP ( 'NONE', ( #959, #511, #602, #912 ) ) ;
#172 = CARTESIAN_POINT ( 'NONE',  ( 1.034820575625056600, -0.03622031496063050900, 1.372047244094487800 ) ) ;
#173 = DIRECTION ( 'NONE',  ( -1.000000000000000000, 0.0000000000000000000, 0.0000000000000000000 ) ) ;
#174 = EDGE_CURVE ( 'NONE', #1228, #216, #1713, .T. ) ;
#175 = LENGTH_MEASURE_WITH_UNIT ( LENGTH_MEASURE( 0.02539999999999999900 ), #1467 );
#176 = VECTOR ( 'NONE', #946, 39.37007874015748100 ) ;
#177 = PRESENTATION_LAYER_ASSIGNMENT (  '', '', ( #1375 ) ) ;
#178 = DIRECTION ( 'NONE',  ( 1.207676704516214000E-016, -1.000000000000000000, -0.0000000000000000000 ) ) ;
#179 = LINE ( 'NONE', #807, #416 ) ;
#180 = PLANE ( 'NONE',  #1791 ) ;
#181 = FACE_OUTER_BOUND ( 'NONE', #821, .T. ) ;
#182 = CARTESIAN_POINT ( 'NONE',  ( 1.034820575625056400, -0.6358188311019672400, -1.372047244094488200 ) ) ;
#183 = LINE ( 'NONE', #1086, #1481 ) ;
#184 = ORIENTED_EDGE ( 'NONE', *, *, #1250, .T. ) ;
#185 = DIRECTION ( 'NONE',  ( -0.0000000000000000000, 1.000000000000000000, -0.0000000000000000000 ) ) ;
#186 = EDGE_LOOP ( 'NONE', ( #1862, #1184, #1622, #403 ) ) ;
#187 = ORIENTED_EDGE ( 'NONE', *, *, #614, .F. ) ;
#188 = ADVANCED_FACE ( 'NONE', ( #374 ), #567, .F. ) ;
#189 = CARTESIAN_POINT ( 'NONE',  ( 1.286578159124128300, -0.1000000000000004500, -1.372047244094488200 ) ) ;
#190 = DIRECTION ( 'NONE',  ( -1.000000000000000000, 0.0000000000000000000, 0.0000000000000000000 ) ) ;
#191 = ORIENTED_EDGE ( 'NONE', *, *, #788, .T. ) ;
#192 = EDGE_LOOP ( 'NONE', ( #386, #715, #99, #1004 ) ) ;
#193 = EDGE_CURVE ( 'NONE', #1606, #712, #1573, .T. ) ;
#194 = DIRECTION ( 'NONE',  ( 0.0000000000000000000, 1.000000000000000000, 0.0000000000000000000 ) ) ;
#195 = EDGE_CURVE ( 'NONE', #1640, #1538, #1176, .T. ) ;
#196 = PRESENTATION_STYLE_ASSIGNMENT (( #305 ) ) ;
#197 = FACE_OUTER_BOUND ( 'NONE', #229, .T. ) ;
#198 = DIRECTION ( 'NONE',  ( -0.0000000000000000000, -0.0000000000000000000, -1.000000000000000000 ) ) ;
#199 = DIRECTION ( 'NONE',  ( -0.0000000000000000000, 1.000000000000000000, -0.0000000000000000000 ) ) ;
#200 = FACE_BOUND ( 'NONE', #1530, .T. ) ;
#201 = AXIS2_PLACEMENT_3D ( 'NONE', #1722, #1326, #1304 ) ;
#202 = DIRECTION ( 'NONE',  ( -0.8191520442889948000, -0.5735764363510417200, -0.0000000000000000000 ) ) ;
#203 = VECTOR ( 'NONE', #321, 39.37007874015748100 ) ;
#204 = VECTOR ( 'NONE', #1101, 39.37007874015748100 ) ;
#205 = EDGE_CURVE ( 'NONE', #554, #115, #1223, .T. ) ;
#206 = ORIENTED_EDGE ( 'NONE', *, *, #5, .F. ) ;
#207 = CARTESIAN_POINT ( 'NONE',  ( 4.435031496062992900, 0.1499999999999993800, -1.672047244094488000 ) ) ;
#208 = ORIENTED_EDGE ( 'NONE', *, *, #639, .T. ) ;
#209 = DIRECTION ( 'NONE',  ( -1.000000000000000000, -1.207676704516214000E-016, 0.0000000000000000000 ) ) ;
#210 = DIRECTION ( 'NONE',  ( 2.276539994720218900E-016, -1.649912810242718600E-033, 1.000000000000000000 ) ) ;
#211 = VERTEX_POINT ( 'NONE', #1037 ) ;
#212 = AXIS2_PLACEMENT_3D ( 'NONE', #1370, #775, #86 ) ;
#213 = EDGE_LOOP ( 'NONE', ( #1088, #1720, #1139, #870 ) ) ;
#214 = CARTESIAN_POINT ( 'NONE',  ( 4.135031496062993000, 0.1499999999999993800, -1.372047244094488400 ) ) ;
#215 = CARTESIAN_POINT ( 'NONE',  ( 4.435031496062993700, 0.1499999999999993800, 1.672047244094487400 ) ) ;
#216 = VERTEX_POINT ( 'NONE', #897 ) ;
#217 = EDGE_CURVE ( 'NONE', #355, #70, #3, .T. ) ;
#218 = ADVANCED_FACE ( 'NONE', ( #1156, #419 ), #23, .F. ) ;
#219 = DIRECTION ( 'NONE',  ( -0.0000000000000000000, 1.000000000000000000, -0.0000000000000000000 ) ) ;
#220 = CARTESIAN_POINT ( 'NONE',  ( 4.435031496062993700, 0.1499999999999993800, 1.072047244094487300 ) ) ;
#221 = LINE ( 'NONE', #1064, #1773 ) ;
#222 = DIRECTION ( 'NONE',  ( -0.0000000000000000000, -0.0000000000000000000, 1.000000000000000000 ) ) ;
#223 = CIRCLE ( 'NONE', #956, 0.1574803149606297800 ) ;
#224 = CARTESIAN_POINT ( 'NONE',  ( 3.883273912563921700, -0.6358188311019684600, 1.372047244094487300 ) ) ;
#225 = FACE_OUTER_BOUND ( 'NONE', #644, .T. ) ;
#226 = CARTESIAN_POINT ( 'NONE',  ( 0.7348205756250565400, 0.1499999999999994100, 1.072047244094487700 ) ) ;
#227 = ADVANCED_FACE ( 'NONE', ( #503 ), #1328, .F. ) ;
#228 = EDGE_CURVE ( 'NONE', #1538, #700, #1504, .T. ) ;
#229 = EDGE_LOOP ( 'NONE', ( #846, #580, #1320, #1807 ) ) ;
#230 = CARTESIAN_POINT ( 'NONE',  ( 0.7830629921259847400, -0.6358188311019678000, 1.372047244094487800 ) ) ;
#231 = PLANE ( 'NONE',  #668 ) ;
#232 = ORIENTED_EDGE ( 'NONE', *, *, #1595, .F. ) ;
#233 = ORIENTED_EDGE ( 'NONE', *, *, #1425, .T. ) ;
#234 = VERTEX_POINT ( 'NONE', #459 ) ;
#235 = AXIS2_PLACEMENT_3D ( 'NONE', #26, #433, #8 ) ;
#236 = VERTEX_POINT ( 'NONE', #320 ) ;
#237 = CARTESIAN_POINT ( 'NONE',  ( 1.334820575625056800, 0.1999999999999994300, 1.072047244094487700 ) ) ;
#238 = CARTESIAN_POINT ( 'NONE',  ( 1.034820575625056400, 0.1999999999999994300, -1.460629921259843900 ) ) ;
#239 = EDGE_LOOP ( 'NONE', ( #1327, #1438, #1147, #1621 ) ) ;
#240 = CARTESIAN_POINT ( 'NONE',  ( 0.7348205756250565400, 0.1499999999999994100, 1.072047244094487700 ) ) ;
#241 = EDGE_CURVE ( 'NONE', #1045, #553, #132, .T. ) ;
#242 = VECTOR ( 'NONE', #219, 39.37007874015748100 ) ;
#243 = DIRECTION ( 'NONE',  ( 7.247458046286108400E-018, 1.000000000000000000, -0.0000000000000000000 ) ) ;
#244 = CARTESIAN_POINT ( 'NONE',  ( 4.135031496062993000, -0.6358188311019679100, -1.372047244094488400 ) ) ;
#245 = PLANE ( 'NONE',  #1445 ) ;
#246 = LINE ( 'NONE', #786, #1057 ) ;
#247 = AXIS2_PLACEMENT_3D ( 'NONE', #1649, #185, #772 ) ;
#248 = CIRCLE ( 'NONE', #1559, 0.08858267716535550600 ) ;
#249 = ORIENTED_EDGE ( 'NONE', *, *, #5, .T. ) ;
#250 = CARTESIAN_POINT ( 'NONE',  ( 0.7830629921259847400, -0.1000000000000005200, -1.372047244094488200 ) ) ;
#251 = ORIENTED_EDGE ( 'NONE', *, *, #845, .T. ) ;
#252 = CARTESIAN_POINT ( 'NONE',  ( 4.435031496062992900, 0.1999999999999994000, -1.672047244094488000 ) ) ;
#253 = EDGE_LOOP ( 'NONE', ( #1235, #50, #631, #978 ) ) ;
#254 = EDGE_CURVE ( 'NONE', #1418, #768, #1040, .T. ) ;
#255 = CARTESIAN_POINT ( 'NONE',  ( 4.883062992125983800, 6.192662790648992800E-018, -2.139763779527559300 ) ) ;
#256 = ORIENTED_EDGE ( 'NONE', *, *, #1714, .T. ) ;
#257 = CARTESIAN_POINT ( 'NONE',  ( 1.334820575625056200, 0.1999999999999994300, -1.072047244094488100 ) ) ;
#258 = ORIENTED_EDGE ( 'NONE', *, *, #1041, .T. ) ;
#259 = DIRECTION ( 'NONE',  ( 0.0000000000000000000, -1.000000000000000000, 0.0000000000000000000 ) ) ;
#260 = VERTEX_POINT ( 'NONE', #877 ) ;
#261 = CARTESIAN_POINT ( 'NONE',  ( 4.386789079562064800, -0.6358188311019679100, -1.372047244094488400 ) ) ;
#262 = DIRECTION ( 'NONE',  ( 0.0000000000000000000, 0.0000000000000000000, 1.000000000000000000 ) ) ;
#263 = LINE ( 'NONE', #153, #1372 ) ;
#264 = DIRECTION ( 'NONE',  ( 1.000000000000000000, 0.0000000000000000000, 0.0000000000000000000 ) ) ;
#265 = ADVANCED_FACE ( 'NONE', ( #466 ), #1031, .F. ) ;
#266 = EDGE_CURVE ( 'NONE', #1179, #582, #760, .T. ) ;
#267 = VECTOR ( 'NONE', #1106, 39.37007874015748100 ) ;
#268 = CARTESIAN_POINT ( 'NONE',  ( 1.034820575625056600, -0.03622031496063050900, 1.214566929133857900 ) ) ;
#269 = CIRCLE ( 'NONE', #116, 0.08858267716535578300 ) ;
#270 = EDGE_CURVE ( 'NONE', #492, #216, #273, .T. ) ;
#271 = LINE ( 'NONE', #658, #483 ) ;
#272 = SURFACE_STYLE_USAGE ( .BOTH. , #111 ) ;
#273 = CIRCLE ( 'NONE', #284, 0.1574803149606297800 ) ;
#274 = CARTESIAN_POINT ( 'NONE',  ( 0.7348205756250565400, 0.1499999999999994100, 1.672047244094487800 ) ) ;
#275 = VECTOR ( 'NONE', #519, 39.37007874015748100 ) ;
#276 = DIRECTION ( 'NONE',  ( 1.000000000000000000, 0.0000000000000000000, -0.0000000000000000000 ) ) ;
#277 = ORIENTED_EDGE ( 'NONE', *, *, #1248, .T. ) ;
#278 = ORIENTED_EDGE ( 'NONE', *, *, #356, .T. ) ;
#279 = CARTESIAN_POINT ( 'NONE',  ( 4.135031496062993900, -0.03622031496063054400, 1.372047244094487300 ) ) ;
#280 = ORIENTED_EDGE ( 'NONE', *, *, #1195, .F. ) ;
#281 = DIRECTION ( 'NONE',  ( -1.000000000000000000, 7.247458046286108400E-018, 0.0000000000000000000 ) ) ;
#282 = ORIENTED_EDGE ( 'NONE', *, *, #1210, .T. ) ;
#283 = CARTESIAN_POINT ( 'NONE',  ( 0.7830629921259847400, -0.1000000000000005100, -2.139763779527559300 ) ) ;
#284 = AXIS2_PLACEMENT_3D ( 'NONE', #611, #1207, #1783 ) ;
#285 = ORIENTED_EDGE ( 'NONE', *, *, #517, .F. ) ;
#286 = CARTESIAN_POINT ( 'NONE',  ( 4.135031496062993900, 0.1999999999999994000, 1.372047244094487300 ) ) ;
#287 = ADVANCED_FACE ( 'NONE', ( #1109, #778, #688 ), #1197, .F. ) ;
#288 = CARTESIAN_POINT ( 'NONE',  ( 0.0000000000000000000, 0.0000000000000000000, 0.0000000000000000000 ) ) ;
#289 = LINE ( 'NONE', #914, #592 ) ;
#290 = CARTESIAN_POINT ( 'NONE',  ( 0.7348205756250563200, 0.1999999999999994300, -1.672047244094488200 ) ) ;
#291 = EDGE_CURVE ( 'NONE', #70, #355, #1758, .T. ) ;
#292 = VECTOR ( 'NONE', #1739, 39.37007874015748100 ) ;
#293 = CIRCLE ( 'NONE', #559, 0.2517575834990719000 ) ;
#294 = ADVANCED_FACE ( 'NONE', ( #112 ), #1614, .T. ) ;
#295 = DIRECTION ( 'NONE',  ( 0.0000000000000000000, 0.0000000000000000000, -1.000000000000000000 ) ) ;
#296 = VERTEX_POINT ( 'NONE', #1048 ) ;
#297 = ORIENTED_EDGE ( 'NONE', *, *, #1748, .T. ) ;
#298 = CARTESIAN_POINT ( 'NONE',  ( 4.435031496062993700, 0.1999999999999994000, 1.072047244094487300 ) ) ;
#299 = CARTESIAN_POINT ( 'NONE',  ( 4.135031496062993000, 0.1999999999999994000, -1.529527559055118300 ) ) ;
#300 = EDGE_LOOP ( 'NONE', ( #147, #982 ) ) ;
#301 = ORIENTED_EDGE ( 'NONE', *, *, #328, .T. ) ;
#302 = EDGE_CURVE ( 'NONE', #1283, #354, #1381, .T. ) ;
#303 = ADVANCED_FACE ( 'NONE', ( #1631 ), #353, .F. ) ;
#304 = ORIENTED_EDGE ( 'NONE', *, *, #931, .T. ) ;
#305 = SURFACE_STYLE_USAGE ( .BOTH. , #1319 ) ;
#306 = EDGE_LOOP ( 'NONE', ( #915, #764, #1832, #885 ) ) ;
#307 = AXIS2_PLACEMENT_3D ( 'NONE', #1770, #1516, #1774 ) ;
#308 = AXIS2_PLACEMENT_3D ( 'NONE', #942, #1087, #950 ) ;
#309 = CIRCLE ( 'NONE', #610, 0.2517575834990719000 ) ;
#310 = CARTESIAN_POINT ( 'NONE',  ( 1.034820575625056600, -1.379392872123423700, -1.372047244094488200 ) ) ;
#311 = DIRECTION ( 'NONE',  ( -0.0000000000000000000, 1.000000000000000000, -0.0000000000000000000 ) ) ;
#312 = LINE ( 'NONE', #822, #1105 ) ;
#313 = CYLINDRICAL_SURFACE ( 'NONE', #1520, 0.2517575834990719000 ) ;
#314 = LINE ( 'NONE', #56, #203 ) ;
#315 = DIRECTION ( 'NONE',  ( 2.775557561562890900E-016, 1.000000000000000000, 1.718492138283436200E-016 ) ) ;
#316 = VECTOR ( 'NONE', #31, 39.37007874015748100 ) ;
#317 = ORIENTED_EDGE ( 'NONE', *, *, #532, .T. ) ;
#318 = ORIENTED_EDGE ( 'NONE', *, *, #96, .F. ) ;
#319 = ORIENTED_EDGE ( 'NONE', *, *, #1595, .T. ) ;
#320 = CARTESIAN_POINT ( 'NONE',  ( 4.883062992125983800, 6.192662790648992800E-018, 2.139763779527559300 ) ) ;
#321 = DIRECTION ( 'NONE',  ( -0.0000000000000000000, 1.000000000000000000, -0.0000000000000000000 ) ) ;
#322 = VERTEX_POINT ( 'NONE', #1340 ) ;
#323 = ORIENTED_EDGE ( 'NONE', *, *, #425, .T. ) ;
#324 = EDGE_CURVE ( 'NONE', #1298, #556, #996, .T. ) ;
#325 = VERTEX_POINT ( 'NONE', #189 ) ;
#326 = CARTESIAN_POINT ( 'NONE',  ( 4.883062992125983800, -0.1000000000000000100, 2.238188976377953200 ) ) ;
#327 = CARTESIAN_POINT ( 'NONE',  ( 1.034820575625056400, -0.03622031496063050900, -1.372047244094488200 ) ) ;
#328 = EDGE_CURVE ( 'NONE', #727, #743, #1336, .T. ) ;
#329 = VECTOR ( 'NONE', #243, 39.37007874015748100 ) ;
#330 = ADVANCED_FACE ( 'NONE', ( #484 ), #1135, .F. ) ;
#331 = CARTESIAN_POINT ( 'NONE',  ( 4.883062992125983800, -0.1000000000000005100, 2.139763779527559300 ) ) ;
#332 = FACE_OUTER_BOUND ( 'NONE', #1852, .T. ) ;
#333 = CYLINDRICAL_SURFACE ( 'NONE', #986, 0.08858267716535578300 ) ;
#334 = LINE ( 'NONE', #814, #275 ) ;
#335 = DIRECTION ( 'NONE',  ( -1.207676704516214000E-016, 1.000000000000000000, 0.0000000000000000000 ) ) ;
#336 = CARTESIAN_POINT ( 'NONE',  ( 4.135031496062993900, 0.1499999999999993800, 1.529527559055117400 ) ) ;
#337 = VERTEX_POINT ( 'NONE', #1360 ) ;
#338 = AXIS2_PLACEMENT_3D ( 'NONE', #626, #1065, #1764 ) ;
#339 = ORIENTED_EDGE ( 'NONE', *, *, #425, .F. ) ;
#340 = CARTESIAN_POINT ( 'NONE',  ( 1.034820575625056600, 0.1999999999999994300, 1.372047244094487800 ) ) ;
#341 = ORIENTED_EDGE ( 'NONE', *, *, #450, .T. ) ;
#342 = DIRECTION ( 'NONE',  ( 2.220446049250313100E-016, 1.000000000000000000, 1.718492138283435900E-016 ) ) ;
#343 = DIRECTION ( 'NONE',  ( 0.0000000000000000000, -0.0000000000000000000, 1.000000000000000000 ) ) ;
#344 = DIRECTION ( 'NONE',  ( 1.000000000000000000, 0.0000000000000000000, 0.0000000000000000000 ) ) ;
#345 = EDGE_LOOP ( 'NONE', ( #1792, #891, #1705, #141 ) ) ;
#346 = EDGE_CURVE ( 'NONE', #753, #868, #833, .T. ) ;
#347 = VERTEX_POINT ( 'NONE', #480 ) ;
#348 = DIRECTION ( 'NONE',  ( -0.0000000000000000000, 1.000000000000000000, -0.0000000000000000000 ) ) ;
#349 = FACE_BOUND ( 'NONE', #1623, .T. ) ;
#350 = VECTOR ( 'NONE', #570, 39.37007874015748100 ) ;
#351 = VECTOR ( 'NONE', #752, 39.37007874015748100 ) ;
#352 = CIRCLE ( 'NONE', #113, 0.1574803149606297800 ) ;
#353 = CYLINDRICAL_SURFACE ( 'NONE', #307, 0.1574803149606297800 ) ;
#354 = VERTEX_POINT ( 'NONE', #1054 ) ;
#355 = VERTEX_POINT ( 'NONE', #1213 ) ;
#356 = EDGE_CURVE ( 'NONE', #957, #844, #1245, .T. ) ;
#357 = CARTESIAN_POINT ( 'NONE',  ( 5.001173228346456900, 0.1999999999999994800, 2.238188976377953200 ) ) ;
#358 = DIRECTION ( 'NONE',  ( 7.247458046286108400E-018, 1.000000000000000000, -0.0000000000000000000 ) ) ;
#359 = EDGE_LOOP ( 'NONE', ( #232, #1661 ) ) ;
#360 = ORIENTED_EDGE ( 'NONE', *, *, #1131, .T. ) ;
#361 = AXIS2_PLACEMENT_3D ( 'NONE', #826, #692, #1428 ) ;
#362 = ADVANCED_FACE ( 'NONE', ( #444 ), #1527, .F. ) ;
#363 = CARTESIAN_POINT ( 'NONE',  ( 1.334820575625056800, 0.1499999999999994100, 1.672047244094487800 ) ) ;
#364 = ORIENTED_EDGE ( 'NONE', *, *, #1540, .F. ) ;
#365 = DIRECTION ( 'NONE',  ( -1.000000000000000000, -0.0000000000000000000, -0.0000000000000000000 ) ) ;
#366 = ORIENTED_EDGE ( 'NONE', *, *, #1062, .F. ) ;
#367 = ORIENTED_EDGE ( 'NONE', *, *, #1142, .F. ) ;
#368 = FACE_BOUND ( 'NONE', #1236, .T. ) ;
#369 = CARTESIAN_POINT ( 'NONE',  ( 0.0000000000000000000, 0.0000000000000000000, 2.238188976377953200 ) ) ;
#370 = AXIS2_PLACEMENT_3D ( 'NONE', #55, #618, #919 ) ;
#371 = CARTESIAN_POINT ( 'NONE',  ( 1.034820575625056400, 0.1499999999999994100, -1.372047244094488200 ) ) ;
#372 = VECTOR ( 'NONE', #921, 39.37007874015748100 ) ;
#373 = DIRECTION ( 'NONE',  ( -1.207676704516214000E-016, 1.000000000000000000, -0.0000000000000000000 ) ) ;
#374 = FACE_OUTER_BOUND ( 'NONE', #171, .T. ) ;
#375 = DIRECTION ( 'NONE',  ( 1.000000000000000000, 1.356388135212982700E-016, 0.0000000000000000000 ) ) ;
#376 = CARTESIAN_POINT ( 'NONE',  ( 4.135031496062993000, 0.1999999999999994000, -1.372047244094488400 ) ) ;
#377 = EDGE_LOOP ( 'NONE', ( #457, #364 ) ) ;
#378 = EDGE_CURVE ( 'NONE', #770, #387, #596, .T. ) ;
#379 = DIRECTION ( 'NONE',  ( -7.247458046286108400E-018, -1.000000000000000000, 0.0000000000000000000 ) ) ;
#380 = ORIENTED_EDGE ( 'NONE', *, *, #1195, .T. ) ;
#381 = DIRECTION ( 'NONE',  ( -0.0000000000000000000, -0.0000000000000000000, -1.000000000000000000 ) ) ;
#382 = CARTESIAN_POINT ( 'NONE',  ( 4.135031496062993900, -0.6358188311019684600, 1.283464566929134900 ) ) ;
#383 = ORIENTED_EDGE ( 'NONE', *, *, #1448, .T. ) ;
#384 = DIRECTION ( 'NONE',  ( -0.0000000000000000000, -0.0000000000000000000, -1.000000000000000000 ) ) ;
#385 = DIRECTION ( 'NONE',  ( -0.0000000000000000000, 1.000000000000000000, -0.0000000000000000000 ) ) ;
#386 = ORIENTED_EDGE ( 'NONE', *, *, #1388, .F. ) ;
#387 = VERTEX_POINT ( 'NONE', #40 ) ;
#388 = ORIENTED_EDGE ( 'NONE', *, *, #1500, .F. ) ;
#389 = CARTESIAN_POINT ( 'NONE',  ( 1.034820575625056600, -0.03622031496063050900, 1.283464566929131800 ) ) ;
#390 = EDGE_CURVE ( 'NONE', #1655, #531, #944, .T. ) ;
#391 = LINE ( 'NONE', #1599, #1076 ) ;
#392 = CARTESIAN_POINT ( 'NONE',  ( 4.135031496062993000, -0.03622031496063054400, -1.283464566929132900 ) ) ;
#393 = LINE ( 'NONE', #478, #755 ) ;
#394 = DIRECTION ( 'NONE',  ( 0.0000000000000000000, -0.0000000000000000000, -1.000000000000000000 ) ) ;
#395 = FACE_BOUND ( 'NONE', #951, .T. ) ;
#396 = AXIS2_PLACEMENT_3D ( 'NONE', #555, #1584, #1597 ) ;
#397 = FACE_OUTER_BOUND ( 'NONE', #999, .T. ) ;
#398 = CARTESIAN_POINT ( 'NONE',  ( 4.435031496062993700, 0.1499999999999993800, 1.672047244094487400 ) ) ;
#399 = AXIS2_PLACEMENT_3D ( 'NONE', #501, #1799, #87 ) ;
#400 = VECTOR ( 'NONE', #762, 39.37007874015748100 ) ;
#401 = ADVANCED_FACE ( 'NONE', ( #641 ), #333, .F. ) ;
#402 = DIRECTION ( 'NONE',  ( 0.0000000000000000000, 0.0000000000000000000, 1.000000000000000000 ) ) ;
#403 = ORIENTED_EDGE ( 'NONE', *, *, #713, .T. ) ;
#404 = ORIENTED_EDGE ( 'NONE', *, *, #528, .F. ) ;
#405 = ORIENTED_EDGE ( 'NONE', *, *, #1647, .T. ) ;
#406 = CARTESIAN_POINT ( 'NONE',  ( 4.135031496062993900, -0.03622031496063054400, 1.372047244094487300 ) ) ;
#407 = ORIENTED_EDGE ( 'NONE', *, *, #378, .T. ) ;
#408 = MECHANICAL_DESIGN_GEOMETRIC_PRESENTATION_REPRESENTATION (  '', ( #561 ), #149 ) ;
#409 = DIRECTION ( 'NONE',  ( 0.0000000000000000000, 0.0000000000000000000, 1.000000000000000000 ) ) ;
#410 = ORIENTED_EDGE ( 'NONE', *, *, #642, .T. ) ;
#411 = VECTOR ( 'NONE', #1127, 39.37007874015748100 ) ;
#412 = DIRECTION ( 'NONE',  ( 0.0000000000000000000, 0.0000000000000000000, 1.000000000000000000 ) ) ;
#413 = EDGE_CURVE ( 'NONE', #325, #1601, #904, .T. ) ;
#414 = CYLINDRICAL_SURFACE ( 'NONE', #138, 0.08858267716535550600 ) ;
#415 = CARTESIAN_POINT ( 'NONE',  ( 1.034820575625056400, 0.1499999999999994100, -1.214566929133858300 ) ) ;
#416 = VECTOR ( 'NONE', #1669, 39.37007874015748100 ) ;
#417 = LINE ( 'NONE', #63, #684 ) ;
#418 = DIRECTION ( 'NONE',  ( 0.0000000000000000000, 0.0000000000000000000, 1.000000000000000000 ) ) ;
#419 = FACE_OUTER_BOUND ( 'NONE', #1384, .T. ) ;
#420 = DIRECTION ( 'NONE',  ( 1.207676704516214000E-016, -1.000000000000000000, 0.0000000000000000000 ) ) ;
#421 = ORIENTED_EDGE ( 'NONE', *, *, #818, .F. ) ;
#422 = MECHANICAL_DESIGN_GEOMETRIC_PRESENTATION_REPRESENTATION (  '', ( #1375 ), #1047 ) ;
#423 = DIRECTION ( 'NONE',  ( 7.247458046286108400E-018, 1.000000000000000000, -0.0000000000000000000 ) ) ;
#424 = ORIENTED_EDGE ( 'NONE', *, *, #174, .T. ) ;
#425 = EDGE_CURVE ( 'NONE', #1562, #743, #1824, .T. ) ;
#426 = ORIENTED_EDGE ( 'NONE', *, *, #1463, .T. ) ;
#427 = CARTESIAN_POINT ( 'NONE',  ( 0.7830629921259846200, -1.379392872123423700, -1.372047244094488200 ) ) ;
#428 = ADVANCED_FACE ( 'NONE', ( #225 ), #643, .F. ) ;
#429 = ORIENTED_EDGE ( 'NONE', *, *, #170, .T. ) ;
#430 = DIRECTION ( 'NONE',  ( -1.000000000000000000, 0.0000000000000000000, -0.0000000000000000000 ) ) ;
#431 = CARTESIAN_POINT ( 'NONE',  ( 1.334820575625056200, 0.1499999999999994100, -1.672047244094488200 ) ) ;
#432 = VERTEX_POINT ( 'NONE', #1544 ) ;
#433 = DIRECTION ( 'NONE',  ( 2.220446049250313100E-016, 1.000000000000000000, 1.718492138283435900E-016 ) ) ;
#434 = ORIENTED_EDGE ( 'NONE', *, *, #1300, .T. ) ;
#435 = VERTEX_POINT ( 'NONE', #806 ) ;
#436 = ADVANCED_FACE ( 'NONE', ( #90 ), #859, .T. ) ;
#437 = DIRECTION ( 'NONE',  ( 0.0000000000000000000, 0.0000000000000000000, 1.000000000000000000 ) ) ;
#438 = LINE ( 'NONE', #1482, #1844 ) ;
#439 = CIRCLE ( 'NONE', #1024, 0.2517575834990719000 ) ;
#440 = CARTESIAN_POINT ( 'NONE',  ( 5.001173228346456900, 0.1999999999999994800, 2.238188976377953200 ) ) ;
#441 = FACE_OUTER_BOUND ( 'NONE', #192, .T. ) ;
#442 = DIRECTION ( 'NONE',  ( -0.0000000000000000000, -0.0000000000000000000, -1.000000000000000000 ) ) ;
#443 = APPLICATION_PROTOCOL_DEFINITION ( 'draft international standard', 'automotive_design', 1998, #1741 ) ;
#444 = FACE_OUTER_BOUND ( 'NONE', #1249, .T. ) ;
#445 = ORIENTED_EDGE ( 'NONE', *, *, #603, .F. ) ;
#446 = DIRECTION ( 'NONE',  ( 7.247458046286108400E-018, 1.000000000000000000, 0.0000000000000000000 ) ) ;
#447 = DIRECTION ( 'NONE',  ( -1.000000000000000000, 0.0000000000000000000, -0.0000000000000000000 ) ) ;
#448 = CARTESIAN_POINT ( 'NONE',  ( 1.034820575625056400, 0.1999999999999994300, -1.372047244094488200 ) ) ;
#449 = VERTEX_POINT ( 'NONE', #954 ) ;
#450 = EDGE_CURVE ( 'NONE', #1181, #1298, #1295, .T. ) ;
#451 = ORIENTED_EDGE ( 'NONE', *, *, #995, .F. ) ;
#452 = CARTESIAN_POINT ( 'NONE',  ( 4.435031496062992900, 0.1499999999999993800, -1.072047244094488100 ) ) ;
#453 = CARTESIAN_POINT ( 'NONE',  ( 4.883062992125983800, 6.192662790648992800E-018, 2.238188976377953200 ) ) ;
#454 = VERTEX_POINT ( 'NONE', #220 ) ;
#455 = EDGE_CURVE ( 'NONE', #435, #1255, #68, .T. ) ;
#456 = ORIENTED_EDGE ( 'NONE', *, *, #1553, .F. ) ;
#457 = ORIENTED_EDGE ( 'NONE', *, *, #1468, .F. ) ;
#458 = VECTOR ( 'NONE', #1034, 39.37007874015748100 ) ;
#459 = CARTESIAN_POINT ( 'NONE',  ( 1.334820575625056800, 0.1499999999999994100, 1.672047244094487800 ) ) ;
#460 = DIRECTION ( 'NONE',  ( 0.0000000000000000000, 1.000000000000000000, 0.0000000000000000000 ) ) ;
#461 = FACE_OUTER_BOUND ( 'NONE', #33, .T. ) ;
#462 =( NAMED_UNIT ( * ) PLANE_ANGLE_UNIT ( ) SI_UNIT ( $, .RADIAN. ) );
#463 = VECTOR ( 'NONE', #837, 39.37007874015748100 ) ;
#464 = VECTOR ( 'NONE', #754, 39.37007874015748100 ) ;
#465 = CARTESIAN_POINT ( 'NONE',  ( 1.034820575625056400, 0.1999999999999994300, -1.529527559055118100 ) ) ;
#466 = FACE_OUTER_BOUND ( 'NONE', #74, .T. ) ;
#467 = LINE ( 'NONE', #452, #1849 ) ;
#468 = AXIS2_PLACEMENT_3D ( 'NONE', #1365, #342, #1489 ) ;
#469 = EDGE_LOOP ( 'NONE', ( #184, #1118, #1044, #1366 ) ) ;
#470 = EDGE_LOOP ( 'NONE', ( #650, #1441, #1251, #456 ) ) ;
#471 = DIRECTION ( 'NONE',  ( 0.0000000000000000000, 0.0000000000000000000, 1.000000000000000000 ) ) ;
#472 = EDGE_LOOP ( 'NONE', ( #791, #1723, #1254, #789 ) ) ;
#473 = ORIENTED_EDGE ( 'NONE', *, *, #1837, .F. ) ;
#474 = EDGE_CURVE ( 'NONE', #387, #449, #1592, .T. ) ;
#475 = CARTESIAN_POINT ( 'NONE',  ( 5.001173228346456900, 2.065699506404295900E-017, -2.238188976377953200 ) ) ;
#476 = ORIENTED_EDGE ( 'NONE', *, *, #1627, .T. ) ;
#477 = DIRECTION ( 'NONE',  ( -0.0000000000000000000, 1.000000000000000000, -0.0000000000000000000 ) ) ;
#478 = CARTESIAN_POINT ( 'NONE',  ( 0.7348205756250563200, 0.1499999999999994100, -1.672047244094488200 ) ) ;
#479 = VECTOR ( 'NONE', #1710, 39.37007874015748100 ) ;
#480 = CARTESIAN_POINT ( 'NONE',  ( 0.7348205756250565400, 0.1499999999999994100, 1.672047244094487800 ) ) ;
#481 = CYLINDRICAL_SURFACE ( 'NONE', #1643, 0.2517575834990719000 ) ;
#482 = EDGE_CURVE ( 'NONE', #787, #625, #1672, .T. ) ;
#483 = VECTOR ( 'NONE', #1843, 39.37007874015748100 ) ;
#484 = FACE_OUTER_BOUND ( 'NONE', #1069, .T. ) ;
#485 = ORIENTED_EDGE ( 'NONE', *, *, #1368, .T. ) ;
#486 = ORIENTED_EDGE ( 'NONE', *, *, #241, .T. ) ;
#487 = AXIS2_PLACEMENT_3D ( 'NONE', #369, #490, #1687 ) ;
#488 = DIRECTION ( 'NONE',  ( 7.247458046286108400E-018, 1.000000000000000000, -0.0000000000000000000 ) ) ;
#489 = ORIENTED_EDGE ( 'NONE', *, *, #634, .F. ) ;
#490 = DIRECTION ( 'NONE',  ( 0.5735764363510417200, -0.8191520442889948000, 0.0000000000000000000 ) ) ;
#491 = ORIENTED_EDGE ( 'NONE', *, *, #689, .F. ) ;
#492 = VERTEX_POINT ( 'NONE', #1663 ) ;
#493 = VERTEX_POINT ( 'NONE', #226 ) ;
#494 = ORIENTED_EDGE ( 'NONE', *, *, #1041, .F. ) ;
#495 = CYLINDRICAL_SURFACE ( 'NONE', #812, 0.1574803149606297800 ) ;
#496 = FACE_BOUND ( 'NONE', #1484, .T. ) ;
#497 = CARTESIAN_POINT ( 'NONE',  ( 4.135031496062993900, -0.1000000000000000200, 1.372047244094487300 ) ) ;
#498 = DIRECTION ( 'NONE',  ( -1.000000000000000000, 2.775557561562890900E-016, 1.110223024625155900E-016 ) ) ;
#499 = VECTOR ( 'NONE', #1129, 39.37007874015748100 ) ;
#500 = CARTESIAN_POINT ( 'NONE',  ( 1.034820575625056400, 0.1999999999999994300, -1.372047244094488200 ) ) ;
#501 = CARTESIAN_POINT ( 'NONE',  ( 0.7348205756250563200, 0.1499999999999994100, -1.672047244094488200 ) ) ;
#502 = CIRCLE ( 'NONE', #1578, 0.2517575834990719000 ) ;
#503 = FACE_OUTER_BOUND ( 'NONE', #1046, .T. ) ;
#504 = EDGE_CURVE ( 'NONE', #909, #539, #183, .T. ) ;
#505 = FACE_OUTER_BOUND ( 'NONE', #1660, .T. ) ;
#506 = CARTESIAN_POINT ( 'NONE',  ( 4.135031496062993900, -1.379392872123423200, 1.372047244094487300 ) ) ;
#507 = DIRECTION ( 'NONE',  ( -0.0000000000000000000, 1.000000000000000000, -0.0000000000000000000 ) ) ;
#508 = ORIENTED_EDGE ( 'NONE', *, *, #1413, .F. ) ;
#509 = DIRECTION ( 'NONE',  ( 1.207676704516214000E-016, -1.000000000000000000, 0.0000000000000000000 ) ) ;
#510 = DIRECTION ( 'NONE',  ( 7.247458046286108400E-018, 1.000000000000000000, -0.0000000000000000000 ) ) ;
#511 = ORIENTED_EDGE ( 'NONE', *, *, #1450, .F. ) ;
#512 = CARTESIAN_POINT ( 'NONE',  ( 3.835031496062993700, 0.1499999999999993800, 1.672047244094487400 ) ) ;
#513 = VERTEX_POINT ( 'NONE', #76 ) ;
#514 = AXIS2_PLACEMENT_3D ( 'NONE', #540, #1442, #1273 ) ;
#515 = CARTESIAN_POINT ( 'NONE',  ( 4.223614173228348500, -0.03622031496063054400, -1.372047244094488400 ) ) ;
#516 = CARTESIAN_POINT ( 'NONE',  ( 0.7348205756250565400, 0.1499999999999994100, 1.072047244094487700 ) ) ;
#517 = EDGE_CURVE ( 'NONE', #1637, #768, #1356, .T. ) ;
#518 = DIRECTION ( 'NONE',  ( 0.0000000000000000000, 0.0000000000000000000, -1.000000000000000000 ) ) ;
#519 = DIRECTION ( 'NONE',  ( 7.247458046286108400E-018, 1.000000000000000000, -0.0000000000000000000 ) ) ;
#520 = CARTESIAN_POINT ( 'NONE',  ( 1.334820575625056800, 0.1999999999999994300, 1.672047244094487800 ) ) ;
#521 = LINE ( 'NONE', #701, #411 ) ;
#522 = CARTESIAN_POINT ( 'NONE',  ( 4.135031496062993000, -0.03622031496063054400, -1.372047244094488400 ) ) ;
#523 = UNCERTAINTY_MEASURE_WITH_UNIT (LENGTH_MEASURE( 1.000000000000000100E-005 ), #734, 'distance_accuracy_value', 'NONE');
#524 = LINE ( 'NONE', #1497, #1590 ) ;
#525 = CIRCLE ( 'NONE', #1021, 0.1574803149606297800 ) ;
#526 = CARTESIAN_POINT ( 'NONE',  ( 0.7348205756250565400, 0.1499999999999994100, 1.672047244094487800 ) ) ;
#527 = EDGE_LOOP ( 'NONE', ( #840, #578, #77, #1115 ) ) ;
#528 = EDGE_CURVE ( 'NONE', #564, #1606, #1409, .T. ) ;
#529 = DIRECTION ( 'NONE',  ( 0.0000000000000000000, 0.0000000000000000000, 1.000000000000000000 ) ) ;
#530 = ORIENTED_EDGE ( 'NONE', *, *, #594, .F. ) ;
#531 = VERTEX_POINT ( 'NONE', #1102 ) ;
#532 = EDGE_CURVE ( 'NONE', #868, #753, #293, .T. ) ;
#533 = CARTESIAN_POINT ( 'NONE',  ( 4.135031496062993000, 0.1499999999999993800, -1.529527559055118300 ) ) ;
#534 = DIRECTION ( 'NONE',  ( -0.0000000000000000000, -0.0000000000000000000, 1.000000000000000000 ) ) ;
#535 = VERTEX_POINT ( 'NONE', #1656 ) ;
#536 = AXIS2_PLACEMENT_3D ( 'NONE', #1765, #1465, #887 ) ;
#537 = ORIENTED_EDGE ( 'NONE', *, *, #642, .F. ) ;
#538 = CARTESIAN_POINT ( 'NONE',  ( 4.135031496062993900, -0.03622031496063054400, 1.372047244094487300 ) ) ;
#539 = VERTEX_POINT ( 'NONE', #1378 ) ;
#540 = CARTESIAN_POINT ( 'NONE',  ( 2.410775601231403900, -0.6358188311019678000, 3.629397374235636000E-016 ) ) ;
#541 = ORIENTED_EDGE ( 'NONE', *, *, #1714, .F. ) ;
#542 = EDGE_CURVE ( 'NONE', #770, #605, #969, .T. ) ;
#543 = ORIENTED_EDGE ( 'NONE', *, *, #1357, .T. ) ;
#544 = CARTESIAN_POINT ( 'NONE',  ( 1.286578159124128500, -0.6358188311019678000, 1.372047244094487800 ) ) ;
#545 = ADVANCED_FACE ( 'NONE', ( #157 ), #880, .F. ) ;
#546 = CARTESIAN_POINT ( 'NONE',  ( 4.386789079562064800, -1.379392872123423200, -1.372047244094488400 ) ) ;
#547 = EDGE_CURVE ( 'NONE', #1225, #648, #686, .T. ) ;
#548 = LINE ( 'NONE', #1454, #350 ) ;
#549 = SURFACE_STYLE_FILL_AREA ( #1403 ) ;
#550 = FACE_OUTER_BOUND ( 'NONE', #1834, .T. ) ;
#551 = CARTESIAN_POINT ( 'NONE',  ( 4.135031496062993900, -0.03622031496063054400, 1.529527559055117400 ) ) ;
#552 = VECTOR ( 'NONE', #69, 39.37007874015748100 ) ;
#553 = VERTEX_POINT ( 'NONE', #1689 ) ;
#554 = VERTEX_POINT ( 'NONE', #661 ) ;
#555 = CARTESIAN_POINT ( 'NONE',  ( 1.034820575625056400, -0.6358188311019672400, -1.372047244094488200 ) ) ;
#556 = VERTEX_POINT ( 'NONE', #873 ) ;
#557 = DIRECTION ( 'NONE',  ( -0.0000000000000000000, 1.000000000000000000, -0.0000000000000000000 ) ) ;
#558 = ORIENTED_EDGE ( 'NONE', *, *, #1275, .T. ) ;
#559 = AXIS2_PLACEMENT_3D ( 'NONE', #244, #1825, #1410 ) ;
#560 = VERTEX_POINT ( 'NONE', #962 ) ;
#561 = STYLED_ITEM ( 'NONE', ( #1309 ), #1211 ) ;
#562 = PLANE ( 'NONE',  #58 ) ;
#563 = ORIENTED_EDGE ( 'NONE', *, *, #735, .F. ) ;
#564 = VERTEX_POINT ( 'NONE', #520 ) ;
#565 = EDGE_CURVE ( 'NONE', #1393, #909, #1650, .T. ) ;
#566 = SURFACE_STYLE_FILL_AREA ( #576 ) ;
#567 = PLANE ( 'NONE',  #911 ) ;
#568 = LINE ( 'NONE', #670, #152 ) ;
#569 = DIRECTION ( 'NONE',  ( -0.0000000000000000000, -0.0000000000000000000, 1.000000000000000000 ) ) ;
#570 = DIRECTION ( 'NONE',  ( -1.207676704516214000E-016, 1.000000000000000000, -0.0000000000000000000 ) ) ;
#571 = VECTOR ( 'NONE', #916, 39.37007874015748100 ) ;
#572 = CARTESIAN_POINT ( 'NONE',  ( 0.2856296013484253000, 0.1999999999999994300, 2.238188976377953200 ) ) ;
#573 = FACE_OUTER_BOUND ( 'NONE', #1020, .T. ) ;
#574 = AXIS2_PLACEMENT_3D ( 'NONE', #624, #766, #1654 ) ;
#575 = DIRECTION ( 'NONE',  ( 1.000000000000000000, 2.637973607711950400E-017, -0.0000000000000000000 ) ) ;
#576 = FILL_AREA_STYLE ('',( #874 ) ) ;
#577 = ORIENTED_EDGE ( 'NONE', *, *, #938, .T. ) ;
#578 = ORIENTED_EDGE ( 'NONE', *, *, #713, .F. ) ;
#579 = DIRECTION ( 'NONE',  ( -0.0000000000000000000, 1.000000000000000000, -0.0000000000000000000 ) ) ;
#580 = ORIENTED_EDGE ( 'NONE', *, *, #1627, .F. ) ;
#581 = DIMENSIONAL_EXPONENTS ( 1.000000000000000000, 0.0000000000000000000, 0.0000000000000000000, 0.0000000000000000000, 0.0000000000000000000, 0.0000000000000000000, 0.0000000000000000000 ) ;
#582 = VERTEX_POINT ( 'NONE', #669 ) ;
#583 =( LENGTH_UNIT ( ) NAMED_UNIT ( * ) SI_UNIT ( $, .METRE. ) );
#584 = AXIS2_PLACEMENT_3D ( 'NONE', #512, #1256, #379 ) ;
#585 = ORIENTED_EDGE ( 'NONE', *, *, #170, .F. ) ;
#586 = AXIS2_PLACEMENT_3D ( 'NONE', #47, #210, #1353 ) ;
#587 = EDGE_LOOP ( 'NONE', ( #1345, #97, #585, #476 ) ) ;
#588 = DIRECTION ( 'NONE',  ( -1.000000000000000000, -0.0000000000000000000, -0.0000000000000000000 ) ) ;
#589 = DIRECTION ( 'NONE',  ( -1.000000000000000000, 0.0000000000000000000, 0.0000000000000000000 ) ) ;
#590 =( CONVERSION_BASED_UNIT ( 'INCH', #175 ) LENGTH_UNIT ( ) NAMED_UNIT ( #581 ) );
#591 = PRODUCT_DEFINITION_SHAPE ( 'NONE', 'NONE',  #1856 ) ;
#592 = VECTOR ( 'NONE', #924, 39.37007874015748100 ) ;
#593 = CIRCLE ( 'NONE', #396, 0.08858267716535209200 ) ;
#594 = EDGE_CURVE ( 'NONE', #787, #1030, #1847, .T. ) ;
#595 = ADVANCED_FACE ( 'NONE', ( #922 ), #1269, .T. ) ;
#596 = LINE ( 'NONE', #1221, #740 ) ;
#597 = AXIS2_PLACEMENT_3D ( 'NONE', #798, #1394, #1664 ) ;
#598 = DIRECTION ( 'NONE',  ( -1.000000000000000000, 0.0000000000000000000, 0.0000000000000000000 ) ) ;
#599 = EDGE_LOOP ( 'NONE', ( #285, #1443 ) ) ;
#600 = CARTESIAN_POINT ( 'NONE',  ( 4.135031496062993900, -0.03622031496063054400, 1.214566929133857200 ) ) ;
#601 = EDGE_LOOP ( 'NONE', ( #1068, #792, #1841, #1814 ) ) ;
#602 = ORIENTED_EDGE ( 'NONE', *, *, #565, .F. ) ;
#603 = EDGE_CURVE ( 'NONE', #1359, #1181, #1039, .T. ) ;
#604 = CARTESIAN_POINT ( 'NONE',  ( 4.135031496062993000, 0.1999999999999994000, -1.372047244094488400 ) ) ;
#605 = VERTEX_POINT ( 'NONE', #733 ) ;
#606 = CARTESIAN_POINT ( 'NONE',  ( 4.135031496062993000, -1.379392872123423200, -1.372047244094488400 ) ) ;
#607 = CARTESIAN_POINT ( 'NONE',  ( 0.2856296013484253000, 0.1999999999999994300, -2.238188976377953200 ) ) ;
#608 = ORIENTED_EDGE ( 'NONE', *, *, #1396, .F. ) ;
#609 = ORIENTED_EDGE ( 'NONE', *, *, #800, .T. ) ;
#610 = AXIS2_PLACEMENT_3D ( 'NONE', #133, #1850, #1150 ) ;
#611 = CARTESIAN_POINT ( 'NONE',  ( 1.034820575625056600, 0.1499999999999994100, 1.372047244094487800 ) ) ;
#612 = DIRECTION ( 'NONE',  ( -1.000000000000000000, 0.0000000000000000000, 0.0000000000000000000 ) ) ;
#613 = CYLINDRICAL_SURFACE ( 'NONE', #1070, 0.2517575834990719000 ) ;
#614 = EDGE_CURVE ( 'NONE', #605, #449, #1612, .T. ) ;
#615 = LINE ( 'NONE', #937, #1108 ) ;
#616 = CARTESIAN_POINT ( 'NONE',  ( 4.135031496062993000, -0.6358188311019679100, -1.460629921259841000 ) ) ;
#617 = FACE_OUTER_BOUND ( 'NONE', #1301, .T. ) ;
#618 = DIRECTION ( 'NONE',  ( -0.0000000000000000000, 1.000000000000000000, -0.0000000000000000000 ) ) ;
#619 = CARTESIAN_POINT ( 'NONE',  ( 4.883062992125983800, -0.1000000000000005100, -2.139763779527559300 ) ) ;
#620 = LINE ( 'NONE', #1010, #1778 ) ;
#621 = CYLINDRICAL_SURFACE ( 'NONE', #1188, 0.08858267716535550600 ) ;
#622 = AXIS2_PLACEMENT_3D ( 'NONE', #214, #1798, #1227 ) ;
#623 = ORIENTED_EDGE ( 'NONE', *, *, #356, .F. ) ;
#624 = CARTESIAN_POINT ( 'NONE',  ( 1.034820575625056600, -0.6358188311019678000, 1.372047244094487800 ) ) ;
#625 = VERTEX_POINT ( 'NONE', #1746 ) ;
#626 = CARTESIAN_POINT ( 'NONE',  ( 4.135031496062993900, 0.1999999999999994000, 1.372047244094487300 ) ) ;
#627 = DIRECTION ( 'NONE',  ( -0.0000000000000000000, -0.0000000000000000000, -1.000000000000000000 ) ) ;
#628 = ORIENTED_EDGE ( 'NONE', *, *, #228, .T. ) ;
#629 = EDGE_CURVE ( 'NONE', #842, #1562, #25, .T. ) ;
#630 = DIRECTION ( 'NONE',  ( -1.000000000000000000, -1.224646799147354400E-016, 0.0000000000000000000 ) ) ;
#631 = ORIENTED_EDGE ( 'NONE', *, *, #1425, .F. ) ;
#632 = DIRECTION ( 'NONE',  ( 1.000000000000000000, 1.356388135212982700E-016, 0.0000000000000000000 ) ) ;
#633 = DIRECTION ( 'NONE',  ( -1.000000000000000000, 0.0000000000000000000, 0.0000000000000000000 ) ) ;
#634 = EDGE_CURVE ( 'NONE', #957, #553, #314, .T. ) ;
#635 = ORIENTED_EDGE ( 'NONE', *, *, #450, .F. ) ;
#636 = PRODUCT ( 'CRT_Holder_Lid', 'CRT_Holder_Lid', '', ( #742 ) ) ;
#637 = LINE ( 'NONE', #1508, #659 ) ;
#638 = FACE_OUTER_BOUND ( 'NONE', #1391, .T. ) ;
#639 = EDGE_CURVE ( 'NONE', #727, #322, #640, .T. ) ;
#640 = LINE ( 'NONE', #1215, #994 ) ;
#641 = FACE_OUTER_BOUND ( 'NONE', #1633, .T. ) ;
#642 = EDGE_CURVE ( 'NONE', #769, #582, #525, .T. ) ;
#643 = PLANE ( 'NONE',  #212 ) ;
#644 = EDGE_LOOP ( 'NONE', ( #976, #1196, #929, #1827 ) ) ;
#645 = ORIENTED_EDGE ( 'NONE', *, *, #594, .T. ) ;
#646 = CARTESIAN_POINT ( 'NONE',  ( 0.7830629921259845100, -0.6358188311019672400, -1.372047244094488200 ) ) ;
#647 = DIRECTION ( 'NONE',  ( -1.000000000000000000, -0.0000000000000000000, -0.0000000000000000000 ) ) ;
#648 = VERTEX_POINT ( 'NONE', #1067 ) ;
#649 = DIRECTION ( 'NONE',  ( -0.0000000000000000000, 1.000000000000000000, -0.0000000000000000000 ) ) ;
#650 = ORIENTED_EDGE ( 'NONE', *, *, #652, .F. ) ;
#651 = EDGE_LOOP ( 'NONE', ( #817, #1658, #1362, #1093 ) ) ;
#652 = EDGE_CURVE ( 'NONE', #1418, #1769, #110, .T. ) ;
#653 = ORIENTED_EDGE ( 'NONE', *, *, #871, .F. ) ;
#654 = CARTESIAN_POINT ( 'NONE',  ( 0.7830629921259847400, 0.0000000000000000000, -2.139763779527559300 ) ) ;
#655 = DIRECTION ( 'NONE',  ( -1.000000000000000000, 0.0000000000000000000, -0.0000000000000000000 ) ) ;
#656 = DIRECTION ( 'NONE',  ( 1.207676704516214000E-016, -1.000000000000000000, 0.0000000000000000000 ) ) ;
#657 = CARTESIAN_POINT ( 'NONE',  ( 1.034820575625056400, -0.6358188311019672400, -1.460629921259840400 ) ) ;
#658 = CARTESIAN_POINT ( 'NONE',  ( 3.835031496062992300, 0.1499999999999993800, -1.672047244094488000 ) ) ;
#659 = VECTOR ( 'NONE', #782, 39.37007874015748100 ) ;
#660 = DIRECTION ( 'NONE',  ( -1.000000000000000000, 0.0000000000000000000, 0.0000000000000000000 ) ) ;
#661 = CARTESIAN_POINT ( 'NONE',  ( 0.7348205756250563200, 0.1499999999999994100, -1.072047244094488100 ) ) ;
#662 = VECTOR ( 'NONE', #1017, 39.37007874015748100 ) ;
#663 = EDGE_CURVE ( 'NONE', #1626, #1120, #248, .T. ) ;
#664 = CARTESIAN_POINT ( 'NONE',  ( 4.135031496062993000, -0.03622031496063054400, -1.460629921259843900 ) ) ;
#665 = VECTOR ( 'NONE', #1671, 39.37007874015748100 ) ;
#666 = CARTESIAN_POINT ( 'NONE',  ( 4.135031496062993000, -0.03622031496063054400, -1.214566929133859000 ) ) ;
#667 = ORIENTED_EDGE ( 'NONE', *, *, #1724, .F. ) ;
#668 = AXIS2_PLACEMENT_3D ( 'NONE', #1535, #961, #498 ) ;
#669 = CARTESIAN_POINT ( 'NONE',  ( 1.034820575625056400, 0.1499999999999994100, -1.529527559055118100 ) ) ;
#670 = CARTESIAN_POINT ( 'NONE',  ( 0.7830629921259847400, 0.0000000000000000000, -2.139763779527559300 ) ) ;
#671 = ADVANCED_FACE ( 'NONE', ( #1082 ), #1569, .F. ) ;
#672 = ORIENTED_EDGE ( 'NONE', *, *, #663, .T. ) ;
#673 = CARTESIAN_POINT ( 'NONE',  ( 4.135031496062993000, -0.6358188311019679100, -1.372047244094488400 ) ) ;
#674 = VERTEX_POINT ( 'NONE', #1426 ) ;
#675 = VERTEX_POINT ( 'NONE', #1838 ) ;
#676 = ORIENTED_EDGE ( 'NONE', *, *, #1543, .F. ) ;
#677 = CARTESIAN_POINT ( 'NONE',  ( 0.7348205756250563200, 0.1499999999999994100, -1.072047244094488100 ) ) ;
#678 = EDGE_LOOP ( 'NONE', ( #1493, #278 ) ) ;
#679 = CARTESIAN_POINT ( 'NONE',  ( 4.135031496062993000, -0.03622031496063054400, -1.372047244094488400 ) ) ;
#680 = LINE ( 'NONE', #1138, #150 ) ;
#681 = AXIS2_PLACEMENT_3D ( 'NONE', #131, #1456, #1865 ) ;
#682 = FACE_OUTER_BOUND ( 'NONE', #651, .T. ) ;
#683 = DIRECTION ( 'NONE',  ( 0.0000000000000000000, 0.0000000000000000000, 1.000000000000000000 ) ) ;
#684 = VECTOR ( 'NONE', #202, 39.37007874015748100 ) ;
#685 = CARTESIAN_POINT ( 'NONE',  ( 1.034820575625056600, -0.6358188311019678000, 1.283464566929135400 ) ) ;
#686 = LINE ( 'NONE', #1686, #943 ) ;
#687 = CARTESIAN_POINT ( 'NONE',  ( 1.034820575625056600, -0.1000000000000004900, 1.372047244094487800 ) ) ;
#688 = FACE_OUTER_BOUND ( 'NONE', #1343, .T. ) ;
#689 = EDGE_CURVE ( 'NONE', #1734, #693, #271, .T. ) ;
#690 = DIRECTION ( 'NONE',  ( 0.0000000000000000000, 0.0000000000000000000, -1.000000000000000000 ) ) ;
#691 = ORIENTED_EDGE ( 'NONE', *, *, #217, .F. ) ;
#692 = DIRECTION ( 'NONE',  ( 2.220446049250313100E-016, 1.000000000000000000, 1.718492138283435900E-016 ) ) ;
#693 = VERTEX_POINT ( 'NONE', #1132 ) ;
#694 = ORIENTED_EDGE ( 'NONE', *, *, #845, .F. ) ;
#695 = CARTESIAN_POINT ( 'NONE',  ( 1.034820575625056600, -0.03622031496063050900, 1.529527559055117400 ) ) ;
#696 = AXIS2_PLACEMENT_3D ( 'NONE', #903, #1316, #1324 ) ;
#697 = DIMENSIONAL_EXPONENTS ( 1.000000000000000000, 0.0000000000000000000, 0.0000000000000000000, 0.0000000000000000000, 0.0000000000000000000, 0.0000000000000000000, 0.0000000000000000000 ) ;
#698 = ORIENTED_EDGE ( 'NONE', *, *, #907, .T. ) ;
#699 = ADVANCED_FACE ( 'NONE', ( #1222 ), #1277, .F. ) ;
#700 = VERTEX_POINT ( 'NONE', #1270 ) ;
#701 = CARTESIAN_POINT ( 'NONE',  ( 0.7830629921259847400, -0.1000000000000005100, 2.139763779527559300 ) ) ;
#702 = ORIENTED_EDGE ( 'NONE', *, *, #1736, .T. ) ;
#703 = EDGE_CURVE ( 'NONE', #1271, #564, #1732, .T. ) ;
#704 = ORIENTED_EDGE ( 'NONE', *, *, #1200, .T. ) ;
#705 = CARTESIAN_POINT ( 'NONE',  ( 4.435031496062993700, 0.1499999999999993800, 1.672047244094487400 ) ) ;
#706 = VECTOR ( 'NONE', #1140, 39.37007874015748100 ) ;
#707 = VECTOR ( 'NONE', #510, 39.37007874015748100 ) ;
#708 = AXIS2_PLACEMENT_3D ( 'NONE', #572, #1335, #1486 ) ;
#709 = CYLINDRICAL_SURFACE ( 'NONE', #536, 0.08858267716535578300 ) ;
#710 = DIRECTION ( 'NONE',  ( 0.0000000000000000000, 0.0000000000000000000, -1.000000000000000000 ) ) ;
#711 = AXIS2_PLACEMENT_3D ( 'NONE', #515, #1408, #1383 ) ;
#712 = VERTEX_POINT ( 'NONE', #966 ) ;
#713 = EDGE_CURVE ( 'NONE', #560, #674, #858, .T. ) ;
#714 = DIRECTION ( 'NONE',  ( -1.207676704516214000E-016, 1.000000000000000000, -0.0000000000000000000 ) ) ;
#715 = ORIENTED_EDGE ( 'NONE', *, *, #1074, .T. ) ;
#716 = CARTESIAN_POINT ( 'NONE',  ( 1.034820575625056600, 0.1999999999999994300, 1.283464566929131800 ) ) ;
#717 = DIRECTION ( 'NONE',  ( -0.0000000000000000000, 1.000000000000000000, -0.0000000000000000000 ) ) ;
#718 = VERTEX_POINT ( 'NONE', #255 ) ;
#719 = CARTESIAN_POINT ( 'NONE',  ( 3.835031496062993700, 0.1999999999999994000, 1.672047244094487400 ) ) ;
#720 = ORIENTED_EDGE ( 'NONE', *, *, #1618, .T. ) ;
#721 = AXIS2_PLACEMENT_3D ( 'NONE', #1094, #1385, #1813 ) ;
#722 = DIRECTION ( 'NONE',  ( -0.0000000000000000000, -1.000000000000000000, -0.0000000000000000000 ) ) ;
#723 = ORIENTED_EDGE ( 'NONE', *, *, #1437, .F. ) ;
#724 = DIRECTION ( 'NONE',  ( -1.000000000000000000, 0.0000000000000000000, 0.0000000000000000000 ) ) ;
#725 = DIRECTION ( 'NONE',  ( -0.0000000000000000000, 1.000000000000000000, -0.0000000000000000000 ) ) ;
#726 = ADVANCED_BREP_SHAPE_REPRESENTATION ( 'CRT_Holder_Lid', ( #1211, #1407 ), #1171 ) ;
#727 = VERTEX_POINT ( 'NONE', #121 ) ;
#728 = EDGE_CURVE ( 'NONE', #432, #72, #901, .T. ) ;
#729 = VECTOR ( 'NONE', #834, 39.37007874015748100 ) ;
#730 = DIRECTION ( 'NONE',  ( 1.000000000000000000, -0.0000000000000000000, -2.276539994720218900E-016 ) ) ;
#731 = PLANE ( 'NONE',  #708 ) ;
#732 = LINE ( 'NONE', #1399, #267 ) ;
#733 = CARTESIAN_POINT ( 'NONE',  ( 5.001173228346456900, 0.1999999999999994800, -2.238188976377953200 ) ) ;
#734 =( CONVERSION_BASED_UNIT ( 'INCH', #1519 ) LENGTH_UNIT ( ) NAMED_UNIT ( #697 ) );
#735 = EDGE_CURVE ( 'NONE', #9, #1640, #1779, .T. ) ;
#736 = LINE ( 'NONE', #19, #1431 ) ;
#737 = FACE_BOUND ( 'NONE', #763, .T. ) ;
#738 = CARTESIAN_POINT ( 'NONE',  ( 1.034820575625056600, 0.1999999999999994300, 1.529527559055117400 ) ) ;
#739 = CARTESIAN_POINT ( 'NONE',  ( 4.135031496062993900, 0.1999999999999994000, 1.529527559055117400 ) ) ;
#740 = VECTOR ( 'NONE', #902, 39.37007874015748100 ) ;
#741 = ADVANCED_FACE ( 'NONE', ( #441 ), #777, .F. ) ;
#742 = PRODUCT_CONTEXT ( 'NONE', #1741, 'mechanical' ) ;
#743 = VERTEX_POINT ( 'NONE', #1405 ) ;
#744 = ORIENTED_EDGE ( 'NONE', *, *, #291, .F. ) ;
#745 = ORIENTED_EDGE ( 'NONE', *, *, #1691, .F. ) ;
#746 = DIRECTION ( 'NONE',  ( -0.0000000000000000000, 1.000000000000000000, -0.0000000000000000000 ) ) ;
#747 = ORIENTED_EDGE ( 'NONE', *, *, #1772, .T. ) ;
#748 = ORIENTED_EDGE ( 'NONE', *, *, #517, .T. ) ;
#749 = AXIS2_PLACEMENT_3D ( 'NONE', #286, #1602, #418 ) ;
#750 = ORIENTED_EDGE ( 'NONE', *, *, #1704, .F. ) ;
#751 = DIRECTION ( 'NONE',  ( -1.000000000000000000, 0.0000000000000000000, 0.0000000000000000000 ) ) ;
#752 = DIRECTION ( 'NONE',  ( -1.000000000000000000, 0.0000000000000000000, 2.276539994720218900E-016 ) ) ;
#753 = VERTEX_POINT ( 'NONE', #261 ) ;
#754 = DIRECTION ( 'NONE',  ( -1.000000000000000000, -7.241604069845571600E-018, -0.0000000000000000000 ) ) ;
#755 = VECTOR ( 'NONE', #488, 39.37007874015748100 ) ;
#756 = CYLINDRICAL_SURFACE ( 'NONE', #597, 0.1574803149606297800 ) ;
#757 = ADVANCED_FACE ( 'NONE', ( #1333 ), #958, .F. ) ;
#758 = FACE_OUTER_BOUND ( 'NONE', #213, .T. ) ;
#759 = AXIS2_PLACEMENT_3D ( 'NONE', #114, #832, #1136 ) ;
#760 = LINE ( 'NONE', #465, #48 ) ;
#761 = LINE ( 'NONE', #1092, #204 ) ;
#762 = DIRECTION ( 'NONE',  ( -1.207676704516214000E-016, 1.000000000000000000, -0.0000000000000000000 ) ) ;
#763 = EDGE_LOOP ( 'NONE', ( #1575, #1471, #1858, #1199 ) ) ;
#764 = ORIENTED_EDGE ( 'NONE', *, *, #474, .F. ) ;
#765 = EDGE_CURVE ( 'NONE', #1225, #454, #1711, .T. ) ;
#766 = DIRECTION ( 'NONE',  ( 2.220446049250313100E-016, 1.000000000000000000, 1.718492138283435900E-016 ) ) ;
#767 = ADVANCED_FACE ( 'NONE', ( #397 ), #1715, .F. ) ;
#768 = VERTEX_POINT ( 'NONE', #664 ) ;
#769 = VERTEX_POINT ( 'NONE', #415 ) ;
#770 = VERTEX_POINT ( 'NONE', #872 ) ;
#771 = AXIS2_PLACEMENT_3D ( 'NONE', #497, #960, #1113 ) ;
#772 = DIRECTION ( 'NONE',  ( 0.0000000000000000000, 0.0000000000000000000, 1.000000000000000000 ) ) ;
#773 = VECTOR ( 'NONE', #990, 39.37007874015748100 ) ;
#774 = VECTOR ( 'NONE', #156, 39.37007874015748100 ) ;
#775 = DIRECTION ( 'NONE',  ( 0.0000000000000000000, 0.0000000000000000000, -1.000000000000000000 ) ) ;
#776 = DIRECTION ( 'NONE',  ( -1.207676704516214000E-016, 1.000000000000000000, -0.0000000000000000000 ) ) ;
#777 = CYLINDRICAL_SURFACE ( 'NONE', #1697, 0.1574803149606297800 ) ;
#778 = FACE_BOUND ( 'NONE', #377, .T. ) ;
#779 = AXIS2_PLACEMENT_3D ( 'NONE', #1472, #1166, #446 ) ;
#780 = ORIENTED_EDGE ( 'NONE', *, *, #266, .F. ) ;
#781 = AXIS2_PLACEMENT_3D ( 'NONE', #60, #1793, #1526 ) ;
#782 = DIRECTION ( 'NONE',  ( 0.0000000000000000000, 0.0000000000000000000, -1.000000000000000000 ) ) ;
#783 = CARTESIAN_POINT ( 'NONE',  ( 0.7830629921259847400, -0.1000000000000005100, 2.238188976377953200 ) ) ;
#784 = ORIENTED_EDGE ( 'NONE', *, *, #634, .T. ) ;
#785 = CARTESIAN_POINT ( 'NONE',  ( 0.0000000000000000000, 0.0000000000000000000, 2.238188976377953200 ) ) ;
#786 = CARTESIAN_POINT ( 'NONE',  ( 0.7348205756250565400, 0.1499999999999994100, 1.672047244094487800 ) ) ;
#787 = VERTEX_POINT ( 'NONE', #1291 ) ;
#788 = EDGE_CURVE ( 'NONE', #1601, #325, #1174, .T. ) ;
#789 = ORIENTED_EDGE ( 'NONE', *, *, #805, .F. ) ;
#790 = DIRECTION ( 'NONE',  ( -0.0000000000000000000, -0.0000000000000000000, -1.000000000000000000 ) ) ;
#791 = ORIENTED_EDGE ( 'NONE', *, *, #1662, .F. ) ;
#792 = ORIENTED_EDGE ( 'NONE', *, *, #302, .T. ) ;
#793 = ADVANCED_FACE ( 'NONE', ( #1524 ), #562, .F. ) ;
#794 = CARTESIAN_POINT ( 'NONE',  ( 5.001173228346456900, 2.065699506404295900E-017, 2.238188976377953200 ) ) ;
#795 = CARTESIAN_POINT ( 'NONE',  ( 1.034820575625056600, -0.6358188311019678000, 1.460629921259839900 ) ) ;
#796 = DIRECTION ( 'NONE',  ( -1.000000000000000000, 0.0000000000000000000, 0.0000000000000000000 ) ) ;
#797 = LINE ( 'NONE', #290, #774 ) ;
#798 = CARTESIAN_POINT ( 'NONE',  ( 4.135031496062993000, 0.1999999999999994000, -1.372047244094488400 ) ) ;
#799 = VECTOR ( 'NONE', #963, 39.37007874015748100 ) ;
#800 = EDGE_CURVE ( 'NONE', #296, #1179, #352, .T. ) ;
#801 = CIRCLE ( 'NONE', #1348, 0.2517575834990719000 ) ;
#802 = CARTESIAN_POINT ( 'NONE',  ( 4.135031496062993900, 0.1499999999999993800, 1.372047244094487300 ) ) ;
#803 = CARTESIAN_POINT ( 'NONE',  ( 1.034820575625056600, 0.1499999999999994100, 1.372047244094487800 ) ) ;
#804 = VECTOR ( 'NONE', #1077, 39.37007874015748100 ) ;
#805 = EDGE_CURVE ( 'NONE', #1469, #1025, #830, .T. ) ;
#806 = CARTESIAN_POINT ( 'NONE',  ( 4.135031496062993000, 0.1499999999999993800, -1.214566929133858800 ) ) ;
#807 = CARTESIAN_POINT ( 'NONE',  ( 4.135031496062993900, 0.1999999999999994000, 1.283464566929131800 ) ) ;
#808 = LINE ( 'NONE', #1259, #1247 ) ;
#809 = PRODUCT_DEFINITION_CONTEXT ( 'detailed design', #43, 'design' ) ;
#810 = CARTESIAN_POINT ( 'NONE',  ( 1.034820575625056600, 0.1999999999999994300, 1.372047244094487800 ) ) ;
#811 = EDGE_LOOP ( 'NONE', ( #277, #1676 ) ) ;
#812 = AXIS2_PLACEMENT_3D ( 'NONE', #448, #725, #437 ) ;
#813 = DIRECTION ( 'NONE',  ( -1.000000000000000000, -1.356388135212982700E-016, 0.0000000000000000000 ) ) ;
#814 = CARTESIAN_POINT ( 'NONE',  ( 3.835031496062993700, 0.1499999999999993800, 1.072047244094487500 ) ) ;
#815 = ORIENTED_EDGE ( 'NONE', *, *, #1342, .F. ) ;
#816 = DIRECTION ( 'NONE',  ( 7.247458046286108400E-018, 1.000000000000000000, -0.0000000000000000000 ) ) ;
#817 = ORIENTED_EDGE ( 'NONE', *, *, #302, .F. ) ;
#818 = EDGE_CURVE ( 'NONE', #582, #769, #223, .T. ) ;
#819 = VERTEX_POINT ( 'NONE', #268 ) ;
#820 = DIRECTION ( 'NONE',  ( 1.000000000000000000, 0.0000000000000000000, 0.0000000000000000000 ) ) ;
#821 = EDGE_LOOP ( 'NONE', ( #645, #577, #407, #698 ) ) ;
#822 = CARTESIAN_POINT ( 'NONE',  ( 4.435031496062993700, 0.1499999999999993800, 1.672047244094487400 ) ) ;
#823 =( NAMED_UNIT ( * ) PLANE_ANGLE_UNIT ( ) SI_UNIT ( $, .RADIAN. ) );
#824 = AXIS2_PLACEMENT_3D ( 'NONE', #1183, #1474, #724 ) ;
#825 = LINE ( 'NONE', #1615, #458 ) ;
#826 = CARTESIAN_POINT ( 'NONE',  ( 1.034820575625056600, -0.6358188311019678000, 1.372047244094487800 ) ) ;
#827 = CARTESIAN_POINT ( 'NONE',  ( 1.123403252790412100, -0.03622031496063050900, -1.372047244094488200 ) ) ;
#828 = LINE ( 'NONE', #1629, #351 ) ;
#829 = DIRECTION ( 'NONE',  ( 7.247458046286108400E-018, 1.000000000000000000, -0.0000000000000000000 ) ) ;
#830 = LINE ( 'NONE', #1855, #1380 ) ;
#831 = EDGE_CURVE ( 'NONE', #1181, #1359, #593, .T. ) ;
#832 = DIRECTION ( 'NONE',  ( 2.220446049250313100E-016, 1.000000000000000000, 1.718492138283435900E-016 ) ) ;
#833 = CIRCLE ( 'NONE', #468, 0.2517575834990719000 ) ;
#834 = DIRECTION ( 'NONE',  ( 7.247458046286108400E-018, 1.000000000000000000, -0.0000000000000000000 ) ) ;
#835 = EDGE_LOOP ( 'NONE', ( #1787, #429, #383, #704 ) ) ;
#836 = AXIS2_PLACEMENT_3D ( 'NONE', #783, #84, #1556 ) ;
#837 = DIRECTION ( 'NONE',  ( -1.000000000000000000, 0.0000000000000000000, 0.0000000000000000000 ) ) ;
#838 = ORIENTED_EDGE ( 'NONE', *, *, #1565, .T. ) ;
#839 = DIRECTION ( 'NONE',  ( 2.220446049250313100E-016, 1.000000000000000000, 1.718492138283435900E-016 ) ) ;
#840 = ORIENTED_EDGE ( 'NONE', *, *, #1796, .T. ) ;
#841 = ADVANCED_FACE ( 'NONE', ( #1016 ), #1861, .F. ) ;
#842 = VERTEX_POINT ( 'NONE', #544 ) ;
#843 = CARTESIAN_POINT ( 'NONE',  ( 1.123403252790412500, -0.03622031496063050900, 1.372047244094487800 ) ) ;
#844 = VERTEX_POINT ( 'NONE', #551 ) ;
#845 = EDGE_CURVE ( 'NONE', #1539, #1395, #502, .T. ) ;
#846 = ORIENTED_EDGE ( 'NONE', *, *, #1413, .T. ) ;
#847 = PLANE ( 'NONE',  #514 ) ;
#848 = ORIENTED_EDGE ( 'NONE', *, *, #1263, .T. ) ;
#849 = FACE_OUTER_BOUND ( 'NONE', #186, .T. ) ;
#850 = DIRECTION ( 'NONE',  ( 7.247458046286108400E-018, 1.000000000000000000, -0.0000000000000000000 ) ) ;
#851 = ADVANCED_FACE ( 'NONE', ( #550 ), #1630, .F. ) ;
#852 = FACE_BOUND ( 'NONE', #1745, .T. ) ;
#853 = DIRECTION ( 'NONE',  ( 7.247458046286108400E-018, 1.000000000000000000, 0.0000000000000000000 ) ) ;
#854 = AXIS2_PLACEMENT_3D ( 'NONE', #1534, #1204, #813 ) ;
#855 = LINE ( 'NONE', #101, #499 ) ;
#856 = DIRECTION ( 'NONE',  ( 0.0000000000000000000, -1.000000000000000000, 0.0000000000000000000 ) ) ;
#857 = DIRECTION ( 'NONE',  ( 2.220446049250313100E-016, 1.000000000000000000, 1.718492138283435900E-016 ) ) ;
#858 = LINE ( 'NONE', #1821, #1800 ) ;
#859 = CYLINDRICAL_SURFACE ( 'NONE', #1853, 0.2517575834990719000 ) ;
#860 = DIRECTION ( 'NONE',  ( -1.000000000000000000, 0.0000000000000000000, 0.0000000000000000000 ) ) ;
#861 = VECTOR ( 'NONE', #1613, 39.37007874015748100 ) ;
#862 = ADVANCED_FACE ( 'NONE', ( #181 ), #1302, .F. ) ;
#863 = CARTESIAN_POINT ( 'NONE',  ( 4.135031496062993000, -0.6358188311019679100, -1.283464566929136000 ) ) ;
#864 = ORIENTED_EDGE ( 'NONE', *, *, #130, .T. ) ;
#865 = AXIS2_PLACEMENT_3D ( 'NONE', #1552, #1119, #1682 ) ;
#866 = EDGE_LOOP ( 'NONE', ( #744, #691 ) ) ;
#867 = DIRECTION ( 'NONE',  ( 2.775557561562890900E-016, 1.000000000000000000, 1.718492138283436200E-016 ) ) ;
#868 = VERTEX_POINT ( 'NONE', #137 ) ;
#869 = CARTESIAN_POINT ( 'NONE',  ( 0.7348205756250563200, 0.1499999999999994100, -1.672047244094488200 ) ) ;
#870 = ORIENTED_EDGE ( 'NONE', *, *, #291, .T. ) ;
#871 = EDGE_CURVE ( 'NONE', #1359, #556, #620, .T. ) ;
#872 = CARTESIAN_POINT ( 'NONE',  ( 5.001173228346456900, 0.1999999999999994800, 2.238188976377953200 ) ) ;
#873 = CARTESIAN_POINT ( 'NONE',  ( 1.034820575625056400, -0.03622031496063050900, -1.283464566929132500 ) ) ;
#874 = FILL_AREA_STYLE_COLOUR ( '', #896 ) ;
#875 = LINE ( 'NONE', #1700, #729 ) ;
#876 = VECTOR ( 'NONE', #850, 39.37007874015748100 ) ;
#877 = CARTESIAN_POINT ( 'NONE',  ( 4.435031496062992900, 0.1499999999999993800, -1.072047244094488100 ) ) ;
#878 = FACE_OUTER_BOUND ( 'NONE', #1701, .T. ) ;
#879 = AXIS2_PLACEMENT_3D ( 'NONE', #1780, #73, #630 ) ;
#880 = CYLINDRICAL_SURFACE ( 'NONE', #1587, 0.1574803149606297800 ) ;
#881 = ADVANCED_FACE ( 'NONE', ( #737, #1294, #200, #1501, #1550 ), #731, .F. ) ;
#882 = CARTESIAN_POINT ( 'NONE',  ( 0.7348205756250563200, 0.1999999999999994300, -1.672047244094488200 ) ) ;
#883 = FACE_BOUND ( 'NONE', #1860, .T. ) ;
#884 = EDGE_CURVE ( 'NONE', #1283, #37, #801, .T. ) ;
#885 = ORIENTED_EDGE ( 'NONE', *, *, #542, .T. ) ;
#886 = DIRECTION ( 'NONE',  ( 7.247458046286108400E-018, 1.000000000000000000, -0.0000000000000000000 ) ) ;
#887 = DIRECTION ( 'NONE',  ( 0.0000000000000000000, 0.0000000000000000000, 1.000000000000000000 ) ) ;
#888 = ORIENTED_EDGE ( 'NONE', *, *, #938, .F. ) ;
#889 = AXIS2_PLACEMENT_3D ( 'NONE', #1059, #348, #1510 ) ;
#890 = ADVANCED_FACE ( 'NONE', ( #332 ), #709, .F. ) ;
#891 = ORIENTED_EDGE ( 'NONE', *, *, #1513, .F. ) ;
#892 = CARTESIAN_POINT ( 'NONE',  ( 0.7348205756250565400, 0.1999999999999994300, 1.072047244094487700 ) ) ;
#893 = EDGE_LOOP ( 'NONE', ( #1790, #102, #537, #1703 ) ) ;
#894 = ORIENTED_EDGE ( 'NONE', *, *, #1463, .F. ) ;
#895 = DIRECTION ( 'NONE',  ( 0.0000000000000000000, 0.0000000000000000000, 1.000000000000000000 ) ) ;
#896 = COLOUR_RGB ( '',0.7921568627450980000, 0.8196078431372548800, 0.9333333333333333500 ) ;
#897 = CARTESIAN_POINT ( 'NONE',  ( 1.034820575625056600, 0.1499999999999994100, 1.529527559055117400 ) ) ;
#898 = DIRECTION ( 'NONE',  ( 0.0000000000000000000, 0.0000000000000000000, 1.000000000000000000 ) ) ;
#899 = CIRCLE ( 'NONE', #361, 0.2517575834990719000 ) ;
#900 = COLOUR_RGB ( '',0.7921568627450980000, 0.8196078431372548800, 0.9333333333333333500 ) ;
#901 = CIRCLE ( 'NONE', #759, 0.08858267716535223000 ) ;
#902 = DIRECTION ( 'NONE',  ( -1.000000000000000000, -7.241604069845571600E-018, -0.0000000000000000000 ) ) ;
#903 = CARTESIAN_POINT ( 'NONE',  ( 0.0000000000000000000, 0.0000000000000000000, -2.139763779527559300 ) ) ;
#904 = CIRCLE ( 'NONE', #1419, 0.2517575834990719000 ) ;
#905 = DIRECTION ( 'NONE',  ( 0.0000000000000000000, 0.0000000000000000000, 1.000000000000000000 ) ) ;
#906 = FACE_OUTER_BOUND ( 'NONE', #470, .T. ) ;
#907 = EDGE_CURVE ( 'NONE', #387, #787, #736, .T. ) ;
#908 = ORIENTED_EDGE ( 'NONE', *, *, #1005, .F. ) ;
#909 = VERTEX_POINT ( 'NONE', #1625 ) ;
#910 = PLANE ( 'NONE',  #586 ) ;
#911 = AXIS2_PLACEMENT_3D ( 'NONE', #1478, #1756, #1624 ) ;
#912 = ORIENTED_EDGE ( 'NONE', *, *, #1851, .T. ) ;
#913 = ORIENTED_EDGE ( 'NONE', *, *, #629, .T. ) ;
#914 = CARTESIAN_POINT ( 'NONE',  ( 3.835031496062992300, 0.1999999999999994000, -1.672047244094488000 ) ) ;
#915 = ORIENTED_EDGE ( 'NONE', *, *, #614, .T. ) ;
#916 = DIRECTION ( 'NONE',  ( -1.207676704516214000E-016, 1.000000000000000000, -0.0000000000000000000 ) ) ;
#917 = EDGE_CURVE ( 'NONE', #211, #1255, #108, .T. ) ;
#918 = CARTESIAN_POINT ( 'NONE',  ( -3.623729023143054700E-019, 0.1499999999999994100, 0.0000000000000000000 ) ) ;
#919 = DIRECTION ( 'NONE',  ( 0.0000000000000000000, 0.0000000000000000000, 1.000000000000000000 ) ) ;
#920 = ADVANCED_FACE ( 'NONE', ( #878, #395 ), #1032, .T. ) ;
#921 = DIRECTION ( 'NONE',  ( 0.0000000000000000000, 1.000000000000000000, 0.0000000000000000000 ) ) ;
#922 = FACE_OUTER_BOUND ( 'NONE', #1229, .T. ) ;
#923 = AXIS2_PLACEMENT_3D ( 'NONE', #1771, #1511, #612 ) ;
#924 = DIRECTION ( 'NONE',  ( 0.0000000000000000000, 0.0000000000000000000, 1.000000000000000000 ) ) ;
#925 = ADVANCED_FACE ( 'NONE', ( #758 ), #481, .T. ) ;
#926 = CYLINDRICAL_SURFACE ( 'NONE', #998, 0.1574803149606297800 ) ;
#927 = CARTESIAN_POINT ( 'NONE',  ( 4.135031496062993000, -0.1000000000000000200, -1.372047244094488400 ) ) ;
#928 = CARTESIAN_POINT ( 'NONE',  ( 1.034820575625056800, -1.379392872123423700, 1.372047244094487800 ) ) ;
#929 = ORIENTED_EDGE ( 'NONE', *, *, #64, .F. ) ;
#930 = EDGE_LOOP ( 'NONE', ( #251, #1560, #1099, #1052 ) ) ;
#931 = EDGE_CURVE ( 'NONE', #844, #1045, #1354, .T. ) ;
#932 = ORIENTED_EDGE ( 'NONE', *, *, #1308, .T. ) ;
#933 = DIRECTION ( 'NONE',  ( -0.0000000000000000000, 1.000000000000000000, -0.0000000000000000000 ) ) ;
#934 = EDGE_LOOP ( 'NONE', ( #747, #318, #1466, #1338 ) ) ;
#935 = ADVANCED_FACE ( 'NONE', ( #1014 ), #1026, .F. ) ;
#936 = ORIENTED_EDGE ( 'NONE', *, *, #1275, .F. ) ;
#937 = CARTESIAN_POINT ( 'NONE',  ( 0.7830629921259847400, -0.1000000000000005100, 2.238188976377953200 ) ) ;
#938 = EDGE_CURVE ( 'NONE', #1030, #770, #1822, .T. ) ;
#939 = CYLINDRICAL_SURFACE ( 'NONE', #749, 0.08858267716535550600 ) ;
#940 = DIRECTION ( 'NONE',  ( 0.0000000000000000000, -0.0000000000000000000, -1.000000000000000000 ) ) ;
#941 = CARTESIAN_POINT ( 'NONE',  ( 3.835031496062992300, 0.1499999999999993800, -1.672047244094488000 ) ) ;
#942 = CARTESIAN_POINT ( 'NONE',  ( 4.135031496062993000, -0.03622031496063054400, -1.372047244094488400 ) ) ;
#943 = VECTOR ( 'NONE', #816, 39.37007874015748100 ) ;
#944 = LINE ( 'NONE', #1805, #552 ) ;
#945 = VECTOR ( 'NONE', #507, 39.37007874015748100 ) ;
#946 = DIRECTION ( 'NONE',  ( -0.0000000000000000000, -0.0000000000000000000, -1.000000000000000000 ) ) ;
#947 = DIRECTION ( 'NONE',  ( -1.207676704516214000E-016, 1.000000000000000000, -0.0000000000000000000 ) ) ;
#948 = ORIENTED_EDGE ( 'NONE', *, *, #205, .F. ) ;
#949 = CARTESIAN_POINT ( 'NONE',  ( 1.334820575625056800, 0.1999999999999994300, 1.672047244094487800 ) ) ;
#950 = DIRECTION ( 'NONE',  ( 0.0000000000000000000, 0.0000000000000000000, 1.000000000000000000 ) ) ;
#951 = EDGE_LOOP ( 'NONE', ( #410, #1557 ) ) ;
#952 = VERTEX_POINT ( 'NONE', #1329 ) ;
#953 = CARTESIAN_POINT ( 'NONE',  ( 4.883062992125983800, 6.192662790648992800E-018, 2.238188976377953200 ) ) ;
#954 = CARTESIAN_POINT ( 'NONE',  ( 0.2856296013484253000, 0.1999999999999994300, -2.238188976377953200 ) ) ;
#955 = FILL_AREA_STYLE_COLOUR ( '', #900 ) ;
#956 = AXIS2_PLACEMENT_3D ( 'NONE', #14, #1444, #409 ) ;
#957 = VERTEX_POINT ( 'NONE', #600 ) ;
#958 = PLANE ( 'NONE',  #584 ) ;
#959 = ORIENTED_EDGE ( 'NONE', *, *, #390, .T. ) ;
#960 = DIRECTION ( 'NONE',  ( 1.207676704516214000E-016, -1.000000000000000000, -0.0000000000000000000 ) ) ;
#961 = DIRECTION ( 'NONE',  ( 2.775557561562890900E-016, 1.000000000000000000, 1.718492138283436200E-016 ) ) ;
#962 = CARTESIAN_POINT ( 'NONE',  ( 3.835031496062993700, 0.1499999999999993800, 1.672047244094487400 ) ) ;
#963 = DIRECTION ( 'NONE',  ( 1.000000000000000000, 0.0000000000000000000, 0.0000000000000000000 ) ) ;
#964 = CIRCLE ( 'NONE', #1768, 0.08858267716535550600 ) ;
#965 = EDGE_CURVE ( 'NONE', #1025, #718, #1406, .T. ) ;
#966 = CARTESIAN_POINT ( 'NONE',  ( 0.7348205756250565400, 0.1999999999999994300, 1.072047244094487700 ) ) ;
#967 = VECTOR ( 'NONE', #41, 39.37007874015748100 ) ;
#968 = CARTESIAN_POINT ( 'NONE',  ( 3.883273912563921300, -1.379392872123423200, -1.372047244094488400 ) ) ;
#969 = LINE ( 'NONE', #357, #1244 ) ;
#970 = LINE ( 'NONE', #98, #665 ) ;
#971 = DIRECTION ( 'NONE',  ( 7.247458046286108400E-018, 1.000000000000000000, -0.0000000000000000000 ) ) ;
#972 = ORIENTED_EDGE ( 'NONE', *, *, #1332, .F. ) ;
#973 = AXIS2_PLACEMENT_3D ( 'NONE', #679, #1863, #1286 ) ;
#974 = ADVANCED_FACE ( 'NONE', ( #1648 ), #1312, .F. ) ;
#975 = DIRECTION ( 'NONE',  ( 7.247458046286108400E-018, 1.000000000000000000, -0.0000000000000000000 ) ) ;
#976 = ORIENTED_EDGE ( 'NONE', *, *, #193, .T. ) ;
#977 = CARTESIAN_POINT ( 'NONE',  ( 1.034820575625056400, -0.03622031496063050900, -1.460629921259843900 ) ) ;
#978 = ORIENTED_EDGE ( 'NONE', *, *, #1513, .T. ) ;
#979 = EDGE_CURVE ( 'NONE', #454, #513, #828, .T. ) ;
#980 = ORIENTED_EDGE ( 'NONE', *, *, #1224, .F. ) ;
#981 = DIRECTION ( 'NONE',  ( -1.000000000000000000, 0.0000000000000000000, 0.0000000000000000000 ) ) ;
#982 = ORIENTED_EDGE ( 'NONE', *, *, #1015, .T. ) ;
#983 = ORIENTED_EDGE ( 'NONE', *, *, #639, .F. ) ;
#984 = DIRECTION ( 'NONE',  ( -1.000000000000000000, -1.510405558694876400E-018, -0.0000000000000000000 ) ) ;
#985 = ADVANCED_FACE ( 'NONE', ( #1220 ), #1480, .F. ) ;
#986 = AXIS2_PLACEMENT_3D ( 'NONE', #500, #1252, #1548 ) ;
#987 = DIRECTION ( 'NONE',  ( -0.0000000000000000000, 0.0000000000000000000, 1.000000000000000000 ) ) ;
#988 = AXIS2_PLACEMENT_3D ( 'NONE', #1237, #1683, #1555 ) ;
#989 = CIRCLE ( 'NONE', #973, 0.08858267716535550600 ) ;
#990 = DIRECTION ( 'NONE',  ( -0.0000000000000000000, 1.000000000000000000, -0.0000000000000000000 ) ) ;
#991 = LINE ( 'NONE', #1153, #1330 ) ;
#992 = CARTESIAN_POINT ( 'NONE',  ( 4.435031496062992900, 0.1999999999999994000, -1.072047244094488100 ) ) ;
#993 = LINE ( 'NONE', #252, #463 ) ;
#994 = VECTOR ( 'NONE', #344, 39.37007874015748100 ) ;
#995 = EDGE_CURVE ( 'NONE', #1598, #675, #1570, .T. ) ;
#996 = CIRCLE ( 'NONE', #370, 0.08858267716535578300 ) ;
#997 = LINE ( 'NONE', #1317, #1674 ) ;
#998 = AXIS2_PLACEMENT_3D ( 'NONE', #1202, #27, #1190 ) ;
#999 = EDGE_LOOP ( 'NONE', ( #720, #136, #1737, #360 ) ) ;
#1000 = ORIENTED_EDGE ( 'NONE', *, *, #1267, .T. ) ;
#1001 = CARTESIAN_POINT ( 'NONE',  ( 4.135031496062993900, -0.03622031496063054400, 1.460629921259842800 ) ) ;
#1002 = EDGE_LOOP ( 'NONE', ( #366, #34 ) ) ;
#1003 = ADVANCED_FACE ( 'NONE', ( #1523, #88 ), #180, .T. ) ;
#1004 = ORIENTED_EDGE ( 'NONE', *, *, #174, .F. ) ;
#1005 = EDGE_CURVE ( 'NONE', #743, #1601, #524, .T. ) ;
#1006 = DIRECTION ( 'NONE',  ( 1.000000000000000000, -7.247458046286108400E-018, 0.0000000000000000000 ) ) ;
#1007 = ORIENTED_EDGE ( 'NONE', *, *, #1165, .T. ) ;
#1008 = DIRECTION ( 'NONE',  ( -0.0000000000000000000, 1.000000000000000000, -0.0000000000000000000 ) ) ;
#1009 = VECTOR ( 'NONE', #1816, 39.37007874015748100 ) ;
#1010 = CARTESIAN_POINT ( 'NONE',  ( 1.034820575625056400, 0.1999999999999994300, -1.283464566929132500 ) ) ;
#1011 = AXIS2_PLACEMENT_3D ( 'NONE', #843, #1411, #1436 ) ;
#1012 = CARTESIAN_POINT ( 'NONE',  ( 4.435031496062993700, 0.1999999999999994000, 1.672047244094487400 ) ) ;
#1013 = UNCERTAINTY_MEASURE_WITH_UNIT (LENGTH_MEASURE( 1.000000000000000100E-005 ), #1288, 'distance_accuracy_value', 'NONE');
#1014 = FACE_OUTER_BOUND ( 'NONE', #472, .T. ) ;
#1015 = EDGE_CURVE ( 'NONE', #72, #432, #1479, .T. ) ;
#1016 = FACE_OUTER_BOUND ( 'NONE', #1325, .T. ) ;
#1017 = DIRECTION ( 'NONE',  ( -0.0000000000000000000, 1.000000000000000000, -0.0000000000000000000 ) ) ;
#1018 = LINE ( 'NONE', #1797, #1802 ) ;
#1019 = DIRECTION ( 'NONE',  ( 1.000000000000000000, 0.0000000000000000000, 0.0000000000000000000 ) ) ;
#1020 = EDGE_LOOP ( 'NONE', ( #1205, #1232, #1464, #908, #1812, #541 ) ) ;
#1021 = AXIS2_PLACEMENT_3D ( 'NONE', #371, #1848, #683 ) ;
#1022 = CARTESIAN_POINT ( 'NONE',  ( 1.034820575625056400, -0.6358188311019672400, -1.283464566929136000 ) ) ;
#1023 = ADVANCED_FACE ( 'NONE', ( #638 ), #313, .T. ) ;
#1024 = AXIS2_PLACEMENT_3D ( 'NONE', #687, #1577, #125 ) ;
#1025 = VERTEX_POINT ( 'NONE', #619 ) ;
#1026 = PLANE ( 'NONE',  #696 ) ;
#1027 = ORIENTED_EDGE ( 'NONE', *, *, #831, .F. ) ;
#1028 = ORIENTED_EDGE ( 'NONE', *, *, #1851, .F. ) ;
#1029 = EDGE_CURVE ( 'NONE', #322, #236, #1133, .T. ) ;
#1030 = VERTEX_POINT ( 'NONE', #1635 ) ;
#1031 = PLANE ( 'NONE',  #1081 ) ;
#1032 = PLANE ( 'NONE',  #1218 ) ;
#1033 = CARTESIAN_POINT ( 'NONE',  ( 1.286578159124128500, -1.379392872123423700, 1.372047244094487800 ) ) ;
#1034 = DIRECTION ( 'NONE',  ( 0.0000000000000000000, 0.0000000000000000000, 1.000000000000000000 ) ) ;
#1035 = FACE_OUTER_BOUND ( 'NONE', #678, .T. ) ;
#1036 = FACE_OUTER_BOUND ( 'NONE', #811, .T. ) ;
#1037 = CARTESIAN_POINT ( 'NONE',  ( 4.135031496062993000, -0.03622031496063054400, -1.529527559055118100 ) ) ;
#1038 = VECTOR ( 'NONE', #746, 39.37007874015748100 ) ;
#1039 = CIRCLE ( 'NONE', #89, 0.08858267716535209200 ) ;
#1040 = LINE ( 'NONE', #18, #662 ) ;
#1041 = EDGE_CURVE ( 'NONE', #449, #625, #417, .T. ) ;
#1042 = CARTESIAN_POINT ( 'NONE',  ( 1.034820575625056400, -0.03622031496063050900, -1.372047244094488200 ) ) ;
#1043 = ORIENTED_EDGE ( 'NONE', *, *, #979, .F. ) ;
#1044 = ORIENTED_EDGE ( 'NONE', *, *, #1551, .F. ) ;
#1045 = VERTEX_POINT ( 'NONE', #336 ) ;
#1046 = EDGE_LOOP ( 'NONE', ( #1208, #1203, #1507, #864 ) ) ;
#1047 =( GEOMETRIC_REPRESENTATION_CONTEXT ( 3 ) GLOBAL_UNCERTAINTY_ASSIGNED_CONTEXT ( ( #523 ) ) GLOBAL_UNIT_ASSIGNED_CONTEXT ( ( #734, #462, #32 ) ) REPRESENTATION_CONTEXT ( 'NONE', 'WORKASPACE' ) );
#1048 = CARTESIAN_POINT ( 'NONE',  ( 1.034820575625056400, -0.03622031496063050900, -1.214566929133858300 ) ) ;
#1049 = CARTESIAN_POINT ( 'NONE',  ( 4.135031496062993900, -0.6358188311019684600, 1.372047244094487300 ) ) ;
#1050 = ORIENTED_EDGE ( 'NONE', *, *, #1566, .T. ) ;
#1051 = ADVANCED_FACE ( 'NONE', ( #1453 ), #910, .F. ) ;
#1052 = ORIENTED_EDGE ( 'NONE', *, *, #1357, .F. ) ;
#1053 = EDGE_LOOP ( 'NONE', ( #694, #1257 ) ) ;
#1054 = CARTESIAN_POINT ( 'NONE',  ( 4.386789079562065700, -0.09999999999999999200, 1.372047244094487300 ) ) ;
#1055 = FACE_OUTER_BOUND ( 'NONE', #1461, .T. ) ;
#1056 = DIRECTION ( 'NONE',  ( -1.000000000000000000, 0.0000000000000000000, 0.0000000000000000000 ) ) ;
#1057 = VECTOR ( 'NONE', #222, 39.37007874015748100 ) ;
#1058 = FACE_OUTER_BOUND ( 'NONE', #93, .T. ) ;
#1059 = CARTESIAN_POINT ( 'NONE',  ( 1.034820575625056600, 0.1999999999999994300, 1.372047244094487800 ) ) ;
#1060 = VECTOR ( 'NONE', #790, 39.37007874015748100 ) ;
#1061 = ORIENTED_EDGE ( 'NONE', *, *, #1248, .F. ) ;
#1062 = EDGE_CURVE ( 'NONE', #556, #1298, #269, .T. ) ;
#1063 = ORIENTED_EDGE ( 'NONE', *, *, #1777, .T. ) ;
#1064 = CARTESIAN_POINT ( 'NONE',  ( 1.334820575625056200, 0.1499999999999994100, -1.672047244094488200 ) ) ;
#1065 = DIRECTION ( 'NONE',  ( -0.0000000000000000000, 1.000000000000000000, -0.0000000000000000000 ) ) ;
#1066 = DIRECTION ( 'NONE',  ( -0.0000000000000000000, 1.000000000000000000, -0.0000000000000000000 ) ) ;
#1067 = CARTESIAN_POINT ( 'NONE',  ( 4.435031496062993700, 0.1999999999999994000, 1.672047244094487400 ) ) ;
#1068 = ORIENTED_EDGE ( 'NONE', *, *, #1724, .T. ) ;
#1069 = EDGE_LOOP ( 'NONE', ( #1315, #563, #249, #135 ) ) ;
#1070 = AXIS2_PLACEMENT_3D ( 'NONE', #506, #373, #660 ) ;
#1071 = ORIENTED_EDGE ( 'NONE', *, *, #1450, .T. ) ;
#1072 = DIRECTION ( 'NONE',  ( -1.207676704516214000E-016, 1.000000000000000000, -0.0000000000000000000 ) ) ;
#1073 = ORIENTED_EDGE ( 'NONE', *, *, #652, .T. ) ;
#1074 = EDGE_CURVE ( 'NONE', #819, #492, #154, .T. ) ;
#1075 = PLANE ( 'NONE',  #1755 ) ;
#1076 = VECTOR ( 'NONE', #1019, 39.37007874015748100 ) ;
#1077 = DIRECTION ( 'NONE',  ( -0.0000000000000000000, -0.0000000000000000000, -1.000000000000000000 ) ) ;
#1078 = CYLINDRICAL_SURFACE ( 'NONE', #79, 0.08858267716535578300 ) ;
#1079 = CARTESIAN_POINT ( 'NONE',  ( 4.135031496062993900, -0.03622031496063054400, 1.283464566929131800 ) ) ;
#1080 = ADVANCED_FACE ( 'NONE', ( #1058 ), #1193, .T. ) ;
#1081 = AXIS2_PLACEMENT_3D ( 'NONE', #1186, #165, #1738 ) ;
#1082 = FACE_OUTER_BOUND ( 'NONE', #345, .T. ) ;
#1083 = AXIS2_PLACEMENT_3D ( 'NONE', #1810, #1803, #940 ) ;
#1084 = DIRECTION ( 'NONE',  ( 0.0000000000000000000, -1.000000000000000000, 0.0000000000000000000 ) ) ;
#1085 = PLANE ( 'NONE',  #836 ) ;
#1086 = CARTESIAN_POINT ( 'NONE',  ( 0.7348205756250563200, 0.1499999999999994100, -1.672047244094488200 ) ) ;
#1087 = DIRECTION ( 'NONE',  ( -0.0000000000000000000, 1.000000000000000000, -0.0000000000000000000 ) ) ;
#1088 = ORIENTED_EDGE ( 'NONE', *, *, #1681, .F. ) ;
#1089 = ORIENTED_EDGE ( 'NONE', *, *, #455, .F. ) ;
#1090 = ADVANCED_FACE ( 'NONE', ( #617 ), #756, .F. ) ;
#1091 = CARTESIAN_POINT ( 'NONE',  ( 4.435031496062993700, 0.1499999999999993800, 1.072047244094487300 ) ) ;
#1092 = CARTESIAN_POINT ( 'NONE',  ( 4.435031496062993700, 0.1999999999999994000, 1.672047244094487400 ) ) ;
#1093 = ORIENTED_EDGE ( 'NONE', *, *, #1468, .T. ) ;
#1094 = CARTESIAN_POINT ( 'NONE',  ( 4.135031496062993000, -0.03622031496063054400, -1.372047244094488400 ) ) ;
#1095 = EDGE_LOOP ( 'NONE', ( #57, #1574 ) ) ;
#1096 = AXIS2_PLACEMENT_3D ( 'NONE', #1604, #178, #151 ) ;
#1097 = EDGE_LOOP ( 'NONE', ( #258, #1415, #1579, #1747 ) ) ;
#1098 = AXIS2_PLACEMENT_3D ( 'NONE', #376, #649, #1673 ) ;
#1099 = ORIENTED_EDGE ( 'NONE', *, *, #413, .T. ) ;
#1100 = DIRECTION ( 'NONE',  ( 0.0000000000000000000, 0.0000000000000000000, 1.000000000000000000 ) ) ;
#1101 = DIRECTION ( 'NONE',  ( 1.000000000000000000, -0.0000000000000000000, -0.0000000000000000000 ) ) ;
#1102 = CARTESIAN_POINT ( 'NONE',  ( 1.334820575625056200, 0.1999999999999994300, -1.672047244094488200 ) ) ;
#1103 = DIRECTION ( 'NONE',  ( -1.000000000000000000, 7.247458046286108400E-018, 0.0000000000000000000 ) ) ;
#1104 = EDGE_CURVE ( 'NONE', #493, #347, #246, .T. ) ;
#1105 = VECTOR ( 'NONE', #1265, 39.37007874015748100 ) ;
#1106 = DIRECTION ( 'NONE',  ( -0.0000000000000000000, 1.000000000000000000, -0.0000000000000000000 ) ) ;
#1107 = CARTESIAN_POINT ( 'NONE',  ( 0.0000000000000000000, 0.0000000000000000000, -2.238188976377953200 ) ) ;
#1108 = VECTOR ( 'NONE', #1537, 39.37007874015748100 ) ;
#1109 = FACE_BOUND ( 'NONE', #866, .T. ) ;
#1110 = DIRECTION ( 'NONE',  ( 1.000000000000000000, 0.0000000000000000000, 0.0000000000000000000 ) ) ;
#1111 = VECTOR ( 'NONE', #1114, 39.37007874015748100 ) ;
#1112 = AXIS2_PLACEMENT_3D ( 'NONE', #705, #402, #276 ) ;
#1113 = DIRECTION ( 'NONE',  ( -1.000000000000000000, -1.356388135212982700E-016, 0.0000000000000000000 ) ) ;
#1114 = DIRECTION ( 'NONE',  ( 0.0000000000000000000, 0.0000000000000000000, 1.000000000000000000 ) ) ;
#1115 = ORIENTED_EDGE ( 'NONE', *, *, #29, .T. ) ;
#1116 =( NAMED_UNIT ( * ) SI_UNIT ( $, .STERADIAN. ) SOLID_ANGLE_UNIT ( ) );
#1117 = EDGE_CURVE ( 'NONE', #115, #1655, #107, .T. ) ;
#1118 = ORIENTED_EDGE ( 'NONE', *, *, #965, .T. ) ;
#1119 = DIRECTION ( 'NONE',  ( 2.220446049250313100E-016, 1.000000000000000000, 1.718492138283435900E-016 ) ) ;
#1120 = VERTEX_POINT ( 'NONE', #1079 ) ;
#1121 = CARTESIAN_POINT ( 'NONE',  ( 1.286578159124128500, -0.1000000000000004500, 1.372047244094487800 ) ) ;
#1122 = ADVANCED_FACE ( 'NONE', ( #1155 ), #1192, .T. ) ;
#1123 = AXIS2_PLACEMENT_3D ( 'NONE', #927, #1502, #1639 ) ;
#1124 = ORIENTED_EDGE ( 'NONE', *, *, #1250, .F. ) ;
#1125 = DIRECTION ( 'NONE',  ( 1.000000000000000000, 0.0000000000000000000, 0.0000000000000000000 ) ) ;
#1126 = ORIENTED_EDGE ( 'NONE', *, *, #241, .F. ) ;
#1127 = DIRECTION ( 'NONE',  ( -0.0000000000000000000, -1.000000000000000000, -0.0000000000000000000 ) ) ;
#1128 = FACE_OUTER_BOUND ( 'NONE', #359, .T. ) ;
#1129 = DIRECTION ( 'NONE',  ( -0.0000000000000000000, -0.0000000000000000000, -1.000000000000000000 ) ) ;
#1130 = LINE ( 'NONE', #207, #1151 ) ;
#1131 = EDGE_CURVE ( 'NONE', #493, #712, #1708, .T. ) ;
#1132 = CARTESIAN_POINT ( 'NONE',  ( 3.835031496062992300, 0.1999999999999994000, -1.672047244094488000 ) ) ;
#1133 = LINE ( 'NONE', #331, #372 ) ;
#1134 = CARTESIAN_POINT ( 'NONE',  ( 1.034820575625056600, -0.03622031496063050900, 1.372047244094487800 ) ) ;
#1135 = CYLINDRICAL_SURFACE ( 'NONE', #889, 0.08858267716535578300 ) ;
#1136 = DIRECTION ( 'NONE',  ( -1.000000000000000000, 0.0000000000000000000, 0.0000000000000000000 ) ) ;
#1137 = ORIENTED_EDGE ( 'NONE', *, *, #504, .F. ) ;
#1138 = CARTESIAN_POINT ( 'NONE',  ( 3.835031496062992300, 0.1499999999999993800, -1.072047244094487900 ) ) ;
#1139 = ORIENTED_EDGE ( 'NONE', *, *, #1525, .T. ) ;
#1140 = DIRECTION ( 'NONE',  ( 1.000000000000000000, -0.0000000000000000000, -2.276539994720218900E-016 ) ) ;
#1141 = ADVANCED_FACE ( 'NONE', ( #197 ), #1549, .F. ) ;
#1142 = EDGE_CURVE ( 'NONE', #211, #1581, #1688, .T. ) ;
#1143 = ORIENTED_EDGE ( 'NONE', *, *, #703, .F. ) ;
#1144 = CARTESIAN_POINT ( 'NONE',  ( 1.034820575625056400, -0.03622031496063050900, -1.372047244094488200 ) ) ;
#1145 = VERTEX_POINT ( 'NONE', #1242 ) ;
#1146 = CARTESIAN_POINT ( 'NONE',  ( 0.7348205756250565400, 0.1999999999999994300, 1.672047244094487800 ) ) ;
#1147 = ORIENTED_EDGE ( 'NONE', *, *, #765, .T. ) ;
#1148 = ORIENTED_EDGE ( 'NONE', *, *, #1029, .T. ) ;
#1149 = CARTESIAN_POINT ( 'NONE',  ( 1.034820575625056400, -0.6358188311019672400, -1.372047244094488200 ) ) ;
#1150 = DIRECTION ( 'NONE',  ( -1.000000000000000000, 0.0000000000000000000, 0.0000000000000000000 ) ) ;
#1151 = VECTOR ( 'NONE', #198, 39.37007874015748100 ) ;
#1152 = EDGE_CURVE ( 'NONE', #1145, #1606, #1352, .T. ) ;
#1153 = CARTESIAN_POINT ( 'NONE',  ( 0.7348205756250563200, 0.1999999999999994300, -1.672047244094488200 ) ) ;
#1154 = FACE_OUTER_BOUND ( 'NONE', #61, .T. ) ;
#1155 = FACE_OUTER_BOUND ( 'NONE', #1287, .T. ) ;
#1156 = FACE_BOUND ( 'NONE', #300, .T. ) ;
#1157 = CARTESIAN_POINT ( 'NONE',  ( 5.001173228346456900, 2.065699506404295900E-017, -2.238188976377953200 ) ) ;
#1158 = LINE ( 'NONE', #1439, #1781 ) ;
#1159 = AXIS2_PLACEMENT_3D ( 'NONE', #869, #690, #430 ) ;
#1160 = ADVANCED_FACE ( 'NONE', ( #1499 ), #1819, .F. ) ;
#1161 = EDGE_LOOP ( 'NONE', ( #486, #1050 ) ) ;
#1162 = ORIENTED_EDGE ( 'NONE', *, *, #565, .T. ) ;
#1163 = ORIENTED_EDGE ( 'NONE', *, *, #1005, .T. ) ;
#1164 = ORIENTED_EDGE ( 'NONE', *, *, #38, .T. ) ;
#1165 = EDGE_CURVE ( 'NONE', #1601, #1469, #615, .T. ) ;
#1166 = DIRECTION ( 'NONE',  ( 1.000000000000000000, -7.247458046286108400E-018, 0.0000000000000000000 ) ) ;
#1167 = DIRECTION ( 'NONE',  ( -1.207676704516214000E-016, 1.000000000000000000, -0.0000000000000000000 ) ) ;
#1168 = ORIENTED_EDGE ( 'NONE', *, *, #1837, .T. ) ;
#1169 = ADVANCED_FACE ( 'NONE', ( #1217 ), #1246, .F. ) ;
#1170 = FACE_OUTER_BOUND ( 'NONE', #253, .T. ) ;
#1171 =( GEOMETRIC_REPRESENTATION_CONTEXT ( 3 ) GLOBAL_UNCERTAINTY_ASSIGNED_CONTEXT ( ( #1389 ) ) GLOBAL_UNIT_ASSIGNED_CONTEXT ( ( #590, #1726, #20 ) ) REPRESENTATION_CONTEXT ( 'NONE', 'WORKASPACE' ) );
#1172 = LINE ( 'NONE', #953, #1668 ) ;
#1173 = DIRECTION ( 'NONE',  ( -1.000000000000000000, 0.0000000000000000000, 0.0000000000000000000 ) ) ;
#1174 = CIRCLE ( 'NONE', #1373, 0.2517575834990719000 ) ;
#1175 = DIRECTION ( 'NONE',  ( 2.220446049250313100E-016, 1.000000000000000000, 1.718492138283435900E-016 ) ) ;
#1176 = LINE ( 'NONE', #716, #316 ) ;
#1177 = DIRECTION ( 'NONE',  ( 2.220446049250313100E-016, 1.000000000000000000, 1.718492138283435900E-016 ) ) ;
#1178 = PLANE ( 'NONE',  #201 ) ;
#1179 = VERTEX_POINT ( 'NONE', #1379 ) ;
#1180 = AXIS2_PLACEMENT_3D ( 'NONE', #172, #579, #159 ) ;
#1181 = VERTEX_POINT ( 'NONE', #657 ) ;
#1182 = EDGE_LOOP ( 'NONE', ( #608, #1680, #628, #206 ) ) ;
#1183 = CARTESIAN_POINT ( 'NONE',  ( 1.034820575625056600, -1.379392872123423700, -1.372047244094488200 ) ) ;
#1184 = ORIENTED_EDGE ( 'NONE', *, *, #547, .F. ) ;
#1185 = ORIENTED_EDGE ( 'NONE', *, *, #1224, .T. ) ;
#1186 = CARTESIAN_POINT ( 'NONE',  ( 4.435031496062992900, 0.1499999999999993800, -1.672047244094488000 ) ) ;
#1187 = CARTESIAN_POINT ( 'NONE',  ( -3.623729023143054700E-019, 0.1499999999999993800, 0.0000000000000000000 ) ) ;
#1188 = AXIS2_PLACEMENT_3D ( 'NONE', #604, #199, #1400 ) ;
#1189 = VECTOR ( 'NONE', #1733, 39.37007874015748100 ) ;
#1190 = DIRECTION ( 'NONE',  ( 0.0000000000000000000, 0.0000000000000000000, 1.000000000000000000 ) ) ;
#1191 = CIRCLE ( 'NONE', #781, 0.1574803149606297800 ) ;
#1192 = CYLINDRICAL_SURFACE ( 'NONE', #1494, 0.2517575834990719000 ) ;
#1193 = CYLINDRICAL_SURFACE ( 'NONE', #1420, 0.2517575834990719000 ) ;
#1194 = VECTOR ( 'NONE', #933, 39.37007874015748100 ) ;
#1195 = EDGE_CURVE ( 'NONE', #72, #1120, #179, .T. ) ;
#1196 = ORIENTED_EDGE ( 'NONE', *, *, #1131, .F. ) ;
#1197 = PLANE ( 'NONE',  #1492 ) ;
#1198 = CARTESIAN_POINT ( 'NONE',  ( 1.034820575625056600, 0.1999999999999994300, 1.214566929133857900 ) ) ;
#1199 = ORIENTED_EDGE ( 'NONE', *, *, #1772, .F. ) ;
#1200 = EDGE_CURVE ( 'NONE', #535, #1734, #1775, .T. ) ;
#1201 = ADVANCED_FACE ( 'NONE', ( #1154 ), #1547, .F. ) ;
#1202 = CARTESIAN_POINT ( 'NONE',  ( 1.034820575625056400, 0.1999999999999994300, -1.372047244094488200 ) ) ;
#1203 = ORIENTED_EDGE ( 'NONE', *, *, #1685, .F. ) ;
#1204 = DIRECTION ( 'NONE',  ( 1.207676704516214000E-016, -1.000000000000000000, -0.0000000000000000000 ) ) ;
#1205 = ORIENTED_EDGE ( 'NONE', *, *, #1500, .T. ) ;
#1206 = AXIS2_PLACEMENT_3D ( 'NONE', #802, #1831, #1100 ) ;
#1207 = DIRECTION ( 'NONE',  ( -0.0000000000000000000, 1.000000000000000000, -0.0000000000000000000 ) ) ;
#1208 = ORIENTED_EDGE ( 'NONE', *, *, #995, .T. ) ;
#1209 = ORIENTED_EDGE ( 'NONE', *, *, #1808, .F. ) ;
#1210 = EDGE_CURVE ( 'NONE', #1255, #435, #1608, .T. ) ;
#1211 = MANIFOLD_SOLID_BREP ( 'Cut-Extrude2', #1321 ) ;
#1212 = DIRECTION ( 'NONE',  ( 7.247458046286108400E-018, 1.000000000000000000, -0.0000000000000000000 ) ) ;
#1213 = CARTESIAN_POINT ( 'NONE',  ( 4.386789079562064800, -0.09999999999999999200, -1.372047244094488400 ) ) ;
#1214 = VECTOR ( 'NONE', #1447, 39.37007874015748100 ) ;
#1215 = CARTESIAN_POINT ( 'NONE',  ( 0.7830629921259847400, -0.1000000000000005100, 2.139763779527559300 ) ) ;
#1216 = AXIS2_PLACEMENT_3D ( 'NONE', #677, #987, #820 ) ;
#1217 = FACE_OUTER_BOUND ( 'NONE', #1097, .T. ) ;
#1218 = AXIS2_PLACEMENT_3D ( 'NONE', #1620, #460, #24 ) ;
#1219 = DIRECTION ( 'NONE',  ( 0.0000000000000000000, 0.0000000000000000000, 1.000000000000000000 ) ) ;
#1220 = FACE_OUTER_BOUND ( 'NONE', #469, .T. ) ;
#1221 = CARTESIAN_POINT ( 'NONE',  ( 0.2856296013484253000, 0.1999999999999994300, 2.238188976377953200 ) ) ;
#1222 = FACE_OUTER_BOUND ( 'NONE', #1536, .T. ) ;
#1223 = LINE ( 'NONE', #1485, #1483 ) ;
#1224 = EDGE_CURVE ( 'NONE', #1120, #1626, #964, .T. ) ;
#1225 = VERTEX_POINT ( 'NONE', #215 ) ;
#1226 = VERTEX_POINT ( 'NONE', #1806 ) ;
#1227 = DIRECTION ( 'NONE',  ( 0.0000000000000000000, 0.0000000000000000000, -1.000000000000000000 ) ) ;
#1228 = VERTEX_POINT ( 'NONE', #695 ) ;
#1229 = EDGE_LOOP ( 'NONE', ( #1596, #405, #543, #191 ) ) ;
#1230 = CARTESIAN_POINT ( 'NONE',  ( 0.7830629921259847400, -0.1000000000000005100, -2.139763779527559300 ) ) ;
#1231 = CARTESIAN_POINT ( 'NONE',  ( 3.883273912563921300, -0.1000000000000000600, -1.372047244094488400 ) ) ;
#1232 = ORIENTED_EDGE ( 'NONE', *, *, #1662, .T. ) ;
#1233 = DIRECTION ( 'NONE',  ( 0.0000000000000000000, 0.0000000000000000000, -1.000000000000000000 ) ) ;
#1234 = CARTESIAN_POINT ( 'NONE',  ( 1.334820575625056800, 0.1499999999999994100, 1.072047244094487700 ) ) ;
#1235 = ORIENTED_EDGE ( 'NONE', *, *, #528, .T. ) ;
#1236 = EDGE_LOOP ( 'NONE', ( #848, #388, #36, #1767 ) ) ;
#1237 = CARTESIAN_POINT ( 'NONE',  ( 1.034820575625056600, -0.03622031496063050900, 1.372047244094487800 ) ) ;
#1238 = FACE_BOUND ( 'NONE', #1398, .T. ) ;
#1239 = PLANE ( 'NONE',  #1600 ) ;
#1240 = CARTESIAN_POINT ( 'NONE',  ( 4.135031496062993900, -1.379392872123423200, 1.372047244094487300 ) ) ;
#1241 = FACE_OUTER_BOUND ( 'NONE', #1276, .T. ) ;
#1242 = CARTESIAN_POINT ( 'NONE',  ( 1.334820575625056800, 0.1499999999999994100, 1.072047244094487700 ) ) ;
#1243 = PLANE ( 'NONE',  #1505 ) ;
#1244 = VECTOR ( 'NONE', #384, 39.37007874015748100 ) ;
#1245 = CIRCLE ( 'NONE', #247, 0.1574803149606300600 ) ;
#1246 = PLANE ( 'NONE',  #487 ) ;
#1247 = VECTOR ( 'NONE', #947, 39.37007874015748100 ) ;
#1248 = EDGE_CURVE ( 'NONE', #1581, #211, #1404, .T. ) ;
#1249 = EDGE_LOOP ( 'NONE', ( #489, #1766, #304, #1718 ) ) ;
#1250 = EDGE_CURVE ( 'NONE', #322, #1025, #855, .T. ) ;
#1251 = ORIENTED_EDGE ( 'NONE', *, *, #1636, .T. ) ;
#1252 = DIRECTION ( 'NONE',  ( -0.0000000000000000000, 1.000000000000000000, -0.0000000000000000000 ) ) ;
#1253 = DIRECTION ( 'NONE',  ( -1.000000000000000000, 0.0000000000000000000, 0.0000000000000000000 ) ) ;
#1254 = ORIENTED_EDGE ( 'NONE', *, *, #965, .F. ) ;
#1255 = VERTEX_POINT ( 'NONE', #533 ) ;
#1256 = DIRECTION ( 'NONE',  ( -1.000000000000000000, 7.247458046286108400E-018, 0.0000000000000000000 ) ) ;
#1257 = ORIENTED_EDGE ( 'NONE', *, *, #1647, .F. ) ;
#1258 = DIRECTION ( 'NONE',  ( -1.207676704516214000E-016, 1.000000000000000000, -0.0000000000000000000 ) ) ;
#1259 = CARTESIAN_POINT ( 'NONE',  ( 0.7830629921259849600, -1.379392872123423700, 1.372047244094487800 ) ) ;
#1260 = DIRECTION ( 'NONE',  ( -0.0000000000000000000, 1.000000000000000000, -0.0000000000000000000 ) ) ;
#1261 = VERTEX_POINT ( 'NONE', #1859 ) ;
#1262 = CARTESIAN_POINT ( 'NONE',  ( 4.135031496062993000, 0.1499999999999993800, -1.372047244094488400 ) ) ;
#1263 = EDGE_CURVE ( 'NONE', #718, #1594, #568, .T. ) ;
#1264 = DIRECTION ( 'NONE',  ( 0.0000000000000000000, 0.0000000000000000000, 1.000000000000000000 ) ) ;
#1265 = DIRECTION ( 'NONE',  ( 1.000000000000000000, -0.0000000000000000000, -0.0000000000000000000 ) ) ;
#1266 = FACE_BOUND ( 'NONE', #1412, .T. ) ;
#1267 = EDGE_CURVE ( 'NONE', #347, #234, #1452, .T. ) ;
#1268 = CARTESIAN_POINT ( 'NONE',  ( 4.386789079562065700, -0.6358188311019684600, 1.372047244094487300 ) ) ;
#1269 = CYLINDRICAL_SURFACE ( 'NONE', #824, 0.2517575834990719000 ) ;
#1270 = CARTESIAN_POINT ( 'NONE',  ( 1.034820575625056600, -0.03622031496063050900, 1.460629921259843500 ) ) ;
#1271 = VERTEX_POINT ( 'NONE', #1696 ) ;
#1272 = AXIS2_PLACEMENT_3D ( 'NONE', #279, #1008, #412 ) ;
#1273 = DIRECTION ( 'NONE',  ( -1.000000000000000000, 2.775557561562890900E-016, 1.110223024625155900E-016 ) ) ;
#1274 = VERTEX_POINT ( 'NONE', #1833 ) ;
#1275 = EDGE_CURVE ( 'NONE', #743, #1562, #439, .T. ) ;
#1276 = EDGE_LOOP ( 'NONE', ( #280, #1367, #1279, #672 ) ) ;
#1277 = PLANE ( 'NONE',  #1216 ) ;
#1278 = EDGE_LOOP ( 'NONE', ( #1532, #404, #1143, #52 ) ) ;
#1279 = ORIENTED_EDGE ( 'NONE', *, *, #16, .T. ) ;
#1280 = PLANE ( 'NONE',  #1339 ) ;
#1281 = ORIENTED_EDGE ( 'NONE', *, *, #629, .F. ) ;
#1282 = AXIS2_PLACEMENT_3D ( 'NONE', #673, #839, #981 ) ;
#1283 = VERTEX_POINT ( 'NONE', #1268 ) ;
#1284 = AXIS2_PLACEMENT_3D ( 'NONE', #1134, #557, #262 ) ;
#1285 = ADVANCED_FACE ( 'NONE', ( #1266, #129 ), #1572, .F. ) ;
#1286 = DIRECTION ( 'NONE',  ( 0.0000000000000000000, 0.0000000000000000000, 1.000000000000000000 ) ) ;
#1287 = EDGE_LOOP ( 'NONE', ( #1281, #1763, #1164, #558 ) ) ;
#1288 =( CONVERSION_BASED_UNIT ( 'INCH', #1588 ) LENGTH_UNIT ( ) NAMED_UNIT ( #75 ) );
#1289 = CIRCLE ( 'NONE', #988, 0.1574803149606297800 ) ;
#1290 = EDGE_CURVE ( 'NONE', #347, #1271, #1866, .T. ) ;
#1291 = CARTESIAN_POINT ( 'NONE',  ( 0.0000000000000000000, 0.0000000000000000000, 2.238188976377953200 ) ) ;
#1292 = VECTOR ( 'NONE', #264, 39.37007874015748100 ) ;
#1293 = CARTESIAN_POINT ( 'NONE',  ( 0.7348205756250563200, 0.1999999999999994300, -1.072047244094488100 ) ) ;
#1294 = FACE_BOUND ( 'NONE', #163, .T. ) ;
#1295 = LINE ( 'NONE', #238, #1194 ) ;
#1296 = LINE ( 'NONE', #298, #861 ) ;
#1297 = DIRECTION ( 'NONE',  ( -0.0000000000000000000, -1.000000000000000000, 0.0000000000000000000 ) ) ;
#1298 = VERTEX_POINT ( 'NONE', #977 ) ;
#1299 = DIRECTION ( 'NONE',  ( 0.0000000000000000000, 0.0000000000000000000, 1.000000000000000000 ) ) ;
#1300 = EDGE_CURVE ( 'NONE', #675, #693, #993, .T. ) ;
#1301 = EDGE_LOOP ( 'NONE', ( #367, #1564, #282, #750 ) ) ;
#1302 = PLANE ( 'NONE',  #1641 ) ;
#1303 = EDGE_LOOP ( 'NONE', ( #1496, #54, #888, #160 ) ) ;
#1304 = DIRECTION ( 'NONE',  ( 7.247458046286108400E-018, 1.000000000000000000, 0.0000000000000000000 ) ) ;
#1305 = ORIENTED_EDGE ( 'NONE', *, *, #1736, .F. ) ;
#1306 = EDGE_LOOP ( 'NONE', ( #609, #95 ) ) ;
#1307 = DIRECTION ( 'NONE',  ( -0.0000000000000000000, 1.000000000000000000, -0.0000000000000000000 ) ) ;
#1308 = EDGE_CURVE ( 'NONE', #236, #337, #1377, .T. ) ;
#1309 = PRESENTATION_STYLE_ASSIGNMENT (( #272 ) ) ;
#1310 = CARTESIAN_POINT ( 'NONE',  ( 5.001173228346456900, 0.1999999999999994800, 2.238188976377953200 ) ) ;
#1311 = VECTOR ( 'NONE', #1776, 39.37007874015748100 ) ;
#1312 = PLANE ( 'NONE',  #1349 ) ;
#1313 = VECTOR ( 'NONE', #442, 39.37007874015748100 ) ;
#1314 = CIRCLE ( 'NONE', #1742, 0.2517575834990719000 ) ;
#1315 = ORIENTED_EDGE ( 'NONE', *, *, #195, .F. ) ;
#1316 = DIRECTION ( 'NONE',  ( 0.0000000000000000000, 0.0000000000000000000, 1.000000000000000000 ) ) ;
#1317 = CARTESIAN_POINT ( 'NONE',  ( 4.435031496062992900, 0.1499999999999993800, -1.072047244094488100 ) ) ;
#1318 = ADVANCED_FACE ( 'NONE', ( #66, #1752 ), #245, .F. ) ;
#1319 = SURFACE_SIDE_STYLE ('',( #566 ) ) ;
#1320 = ORIENTED_EDGE ( 'NONE', *, *, #10, .F. ) ;
#1321 = CLOSED_SHELL ( 'NONE', ( #294, #1023, #436, #1080, #401, #741, #1459, #1387, #1090, #155, #1735, #851, #362, #122, #287, #49, #1169, #44, #985, #1421, #148, #881, #862, #974, #935, #1201, #1583, #303, #1344, #1719, #330, #1285, #545, #890, #1318, #1122, #1632, #1533, #218, #925, #1355, #595, #4, #1432, #1835, #671, #767, #428, #920, #188, #699, #1160, #841, #1593, #1141, #265, #227, #1051, #1003, #757, #1470, #793, #1709 ) ) ;
#1322 = EDGE_CURVE ( 'NONE', #844, #957, #1586, .T. ) ;
#1323 = DIRECTION ( 'NONE',  ( -1.000000000000000000, 2.775557561562890900E-016, 1.110223024625155900E-016 ) ) ;
#1324 = DIRECTION ( 'NONE',  ( -1.000000000000000000, 0.0000000000000000000, 0.0000000000000000000 ) ) ;
#1325 = EDGE_LOOP ( 'NONE', ( #485, #894, #1137, #1071 ) ) ;
#1326 = DIRECTION ( 'NONE',  ( 1.000000000000000000, -7.247458046286108400E-018, 0.0000000000000000000 ) ) ;
#1327 = ORIENTED_EDGE ( 'NONE', *, *, #134, .T. ) ;
#1328 = PLANE ( 'NONE',  #779 ) ;
#1329 = CARTESIAN_POINT ( 'NONE',  ( 3.835031496062992300, 0.1999999999999994800, -1.072047244094487900 ) ) ;
#1330 = VECTOR ( 'NONE', #1299, 39.37007874015748100 ) ;
#1331 = VECTOR ( 'NONE', #358, 39.37007874015748100 ) ;
#1332 = EDGE_CURVE ( 'NONE', #1830, #115, #991, .T. ) ;
#1333 = FACE_OUTER_BOUND ( 'NONE', #527, .T. ) ;
#1334 = DIRECTION ( 'NONE',  ( 0.0000000000000000000, 0.0000000000000000000, 1.000000000000000000 ) ) ;
#1335 = DIRECTION ( 'NONE',  ( 7.241604069845571600E-018, -1.000000000000000000, 0.0000000000000000000 ) ) ;
#1336 = LINE ( 'NONE', #46, #28 ) ;
#1337 = LINE ( 'NONE', #1811, #945 ) ;
#1338 = ORIENTED_EDGE ( 'NONE', *, *, #547, .T. ) ;
#1339 = AXIS2_PLACEMENT_3D ( 'NONE', #1716, #856, #1867 ) ;
#1340 = CARTESIAN_POINT ( 'NONE',  ( 4.883062992125983800, -0.1000000000000005100, 2.139763779527559300 ) ) ;
#1341 = VERTEX_POINT ( 'NONE', #1462 ) ;
#1342 = EDGE_CURVE ( 'NONE', #952, #1598, #42, .T. ) ;
#1343 = EDGE_LOOP ( 'NONE', ( #1163, #13, #164, #1007, #118, #1124, #983, #301, #339, #936 ) ) ;
#1344 = ADVANCED_FACE ( 'NONE', ( #1241 ), #939, .F. ) ;
#1345 = ORIENTED_EDGE ( 'NONE', *, *, #1342, .T. ) ;
#1346 = ORIENTED_EDGE ( 'NONE', *, *, #390, .F. ) ;
#1347 = APPLICATION_PROTOCOL_DEFINITION ( 'draft international standard', 'automotive_design', 1998, #43 ) ;
#1348 = AXIS2_PLACEMENT_3D ( 'NONE', #1049, #1175, #35 ) ;
#1349 = AXIS2_PLACEMENT_3D ( 'NONE', #1490, #167, #447 ) ;
#1350 = CARTESIAN_POINT ( 'NONE',  ( 5.001173228346456900, 0.1999999999999994800, -2.238188976377953200 ) ) ;
#1351 = DIRECTION ( 'NONE',  ( -0.0000000000000000000, 1.000000000000000000, -0.0000000000000000000 ) ) ;
#1352 = LINE ( 'NONE', #1234, #1331 ) ;
#1353 = DIRECTION ( 'NONE',  ( 1.000000000000000000, 0.0000000000000000000, -2.276539994720218900E-016 ) ) ;
#1354 = LINE ( 'NONE', #739, #292 ) ;
#1355 = ADVANCED_FACE ( 'NONE', ( #852, #461 ), #2, .F. ) ;
#1356 = CIRCLE ( 'NONE', #721, 0.08858267716535550600 ) ;
#1357 = EDGE_CURVE ( 'NONE', #1539, #1601, #1449, .T. ) ;
#1358 = DIRECTION ( 'NONE',  ( -0.0000000000000000000, 1.000000000000000000, -0.0000000000000000000 ) ) ;
#1359 = VERTEX_POINT ( 'NONE', #1022 ) ;
#1360 = CARTESIAN_POINT ( 'NONE',  ( 0.7830629921259847400, 0.0000000000000000000, 2.139763779527559300 ) ) ;
#1361 = EDGE_CURVE ( 'NONE', #1395, #325, #548, .T. ) ;
#1362 = ORIENTED_EDGE ( 'NONE', *, *, #1820, .T. ) ;
#1363 = CARTESIAN_POINT ( 'NONE',  ( 1.286578159124128300, -0.6358188311019672400, -1.372047244094488200 ) ) ;
#1364 = ORIENTED_EDGE ( 'NONE', *, *, #16, .F. ) ;
#1365 = CARTESIAN_POINT ( 'NONE',  ( 4.135031496062993000, -0.6358188311019679100, -1.372047244094488400 ) ) ;
#1366 = ORIENTED_EDGE ( 'NONE', *, *, #1029, .F. ) ;
#1367 = ORIENTED_EDGE ( 'NONE', *, *, #728, .F. ) ;
#1368 = EDGE_CURVE ( 'NONE', #531, #1830, #797, .T. ) ;
#1369 = ORIENTED_EDGE ( 'NONE', *, *, #217, .T. ) ;
#1370 = CARTESIAN_POINT ( 'NONE',  ( 0.7348205756250565400, 0.1499999999999994100, 1.072047244094487700 ) ) ;
#1371 = CARTESIAN_POINT ( 'NONE',  ( 0.7348205756250563200, 0.1999999999999994300, -1.072047244094488100 ) ) ;
#1372 = VECTOR ( 'NONE', #423, 39.37007874015748100 ) ;
#1373 = AXIS2_PLACEMENT_3D ( 'NONE', #1591, #420, #1580 ) ;
#1374 = FACE_OUTER_BOUND ( 'NONE', #145, .T. ) ;
#1375 = STYLED_ITEM ( 'NONE', ( #196 ), #726 ) ;
#1376 = DIRECTION ( 'NONE',  ( 0.0000000000000000000, -0.0000000000000000000, -1.000000000000000000 ) ) ;
#1377 = LINE ( 'NONE', #1846, #85 ) ;
#1378 = CARTESIAN_POINT ( 'NONE',  ( 0.7348205756250563200, 0.1499999999999994100, -1.672047244094488200 ) ) ;
#1379 = CARTESIAN_POINT ( 'NONE',  ( 1.034820575625056400, -0.03622031496063050900, -1.529527559055118100 ) ) ;
#1380 = VECTOR ( 'NONE', #1440, 39.37007874015748100 ) ;
#1381 = LINE ( 'NONE', #1634, #400 ) ;
#1382 = FACE_OUTER_BOUND ( 'NONE', #1303, .T. ) ;
#1383 = DIRECTION ( 'NONE',  ( 0.0000000000000000000, -0.0000000000000000000, -1.000000000000000000 ) ) ;
#1384 = EDGE_LOOP ( 'NONE', ( #667, #30 ) ) ;
#1385 = DIRECTION ( 'NONE',  ( -0.0000000000000000000, 1.000000000000000000, -0.0000000000000000000 ) ) ;
#1386 = CARTESIAN_POINT ( 'NONE',  ( 4.435031496062992900, 0.1499999999999993800, -1.672047244094488000 ) ) ;
#1387 = ADVANCED_FACE ( 'NONE', ( #1055 ), #414, .F. ) ;
#1388 = EDGE_CURVE ( 'NONE', #819, #1228, #1191, .T. ) ;
#1389 = UNCERTAINTY_MEASURE_WITH_UNIT (LENGTH_MEASURE( 1.000000000000000100E-005 ), #590, 'distance_accuracy_value', 'NONE');
#1390 = EDGE_LOOP ( 'NONE', ( #1422, #1063, #676, #530 ) ) ;
#1391 = EDGE_LOOP ( 'NONE', ( #317, #1423, #1369, #1638 ) ) ;
#1392 = DIRECTION ( 'NONE',  ( 7.247458046286108400E-018, 1.000000000000000000, -0.0000000000000000000 ) ) ;
#1393 = VERTEX_POINT ( 'NONE', #1514 ) ;
#1394 = DIRECTION ( 'NONE',  ( -0.0000000000000000000, 1.000000000000000000, -0.0000000000000000000 ) ) ;
#1395 = VERTEX_POINT ( 'NONE', #1363 ) ;
#1396 = EDGE_CURVE ( 'NONE', #1640, #9, #22, .T. ) ;
#1397 = DIRECTION ( 'NONE',  ( -0.0000000000000000000, 1.000000000000000000, -0.0000000000000000000 ) ) ;
#1398 = EDGE_LOOP ( 'NONE', ( #1089, #92 ) ) ;
#1399 = CARTESIAN_POINT ( 'NONE',  ( 4.135031496062993000, 0.1999999999999994000, -1.283464566929132900 ) ) ;
#1400 = DIRECTION ( 'NONE',  ( 0.0000000000000000000, 0.0000000000000000000, 1.000000000000000000 ) ) ;
#1401 = CARTESIAN_POINT ( 'NONE',  ( 1.034820575625056600, 0.1999999999999994300, 1.372047244094487800 ) ) ;
#1402 = FACE_BOUND ( 'NONE', #599, .T. ) ;
#1403 = FILL_AREA_STYLE ('',( #955 ) ) ;
#1404 = CIRCLE ( 'NONE', #91, 0.1574803149606295300 ) ;
#1405 = CARTESIAN_POINT ( 'NONE',  ( 0.7830629921259847400, -0.1000000000000005200, 1.372047244094487800 ) ) ;
#1406 = LINE ( 'NONE', #1473, #967 ) ;
#1407 = AXIS2_PLACEMENT_3D ( 'NONE', #288, #905, #1759 ) ;
#1408 = DIRECTION ( 'NONE',  ( 0.0000000000000000000, -1.000000000000000000, 0.0000000000000000000 ) ) ;
#1409 = LINE ( 'NONE', #949, #1433 ) ;
#1410 = DIRECTION ( 'NONE',  ( -1.000000000000000000, 0.0000000000000000000, 0.0000000000000000000 ) ) ;
#1411 = DIRECTION ( 'NONE',  ( 0.0000000000000000000, -1.000000000000000000, 0.0000000000000000000 ) ) ;
#1412 = EDGE_LOOP ( 'NONE', ( #745, #1695 ) ) ;
#1413 = EDGE_CURVE ( 'NONE', #693, #952, #289, .T. ) ;
#1414 = CARTESIAN_POINT ( 'NONE',  ( 0.7348205756250565400, 0.1999999999999994300, 1.672047244094487800 ) ) ;
#1415 = ORIENTED_EDGE ( 'NONE', *, *, #482, .F. ) ;
#1416 = EDGE_LOOP ( 'NONE', ( #256, #208, #1148, #932 ) ) ;
#1417 = CARTESIAN_POINT ( 'NONE',  ( 0.7348205756250565400, 0.1499999999999994100, 1.672047244094487800 ) ) ;
#1418 = VERTEX_POINT ( 'NONE', #616 ) ;
#1419 = AXIS2_PLACEMENT_3D ( 'NONE', #1678, #509, #375 ) ;
#1420 = AXIS2_PLACEMENT_3D ( 'NONE', #928, #1503, #633 ) ;
#1421 = ADVANCED_FACE ( 'NONE', ( #83, #368 ), #67, .F. ) ;
#1422 = ORIENTED_EDGE ( 'NONE', *, *, #482, .T. ) ;
#1423 = ORIENTED_EDGE ( 'NONE', *, *, #1681, .T. ) ;
#1424 = DIRECTION ( 'NONE',  ( 0.0000000000000000000, 0.0000000000000000000, 1.000000000000000000 ) ) ;
#1425 = EDGE_CURVE ( 'NONE', #234, #1145, #637, .T. ) ;
#1426 = CARTESIAN_POINT ( 'NONE',  ( 3.835031496062993700, 0.1999999999999994800, 1.672047244094487400 ) ) ;
#1427 = CIRCLE ( 'NONE', #1284, 0.08858267716535578300 ) ;
#1428 = DIRECTION ( 'NONE',  ( -1.000000000000000000, 0.0000000000000000000, 0.0000000000000000000 ) ) ;
#1429 = CIRCLE ( 'NONE', #1206, 0.1574803149606300600 ) ;
#1430 = DIRECTION ( 'NONE',  ( 0.0000000000000000000, 0.0000000000000000000, -1.000000000000000000 ) ) ;
#1431 = VECTOR ( 'NONE', #1750, 39.37007874015748100 ) ;
#1432 = ADVANCED_FACE ( 'NONE', ( #1374, #1818 ), #53, .F. ) ;
#1433 = VECTOR ( 'NONE', #1233, 39.37007874015748100 ) ;
#1434 = DIRECTION ( 'NONE',  ( 0.0000000000000000000, 0.0000000000000000000, 1.000000000000000000 ) ) ;
#1435 = LINE ( 'NONE', #941, #1111 ) ;
#1436 = DIRECTION ( 'NONE',  ( 0.0000000000000000000, -0.0000000000000000000, -1.000000000000000000 ) ) ;
#1437 = EDGE_CURVE ( 'NONE', #1446, #605, #1864, .T. ) ;
#1438 = ORIENTED_EDGE ( 'NONE', *, *, #1476, .T. ) ;
#1439 = CARTESIAN_POINT ( 'NONE',  ( 3.835031496062993700, 0.1499999999999993800, 1.672047244094487400 ) ) ;
#1440 = DIRECTION ( 'NONE',  ( 1.000000000000000000, 0.0000000000000000000, 0.0000000000000000000 ) ) ;
#1441 = ORIENTED_EDGE ( 'NONE', *, *, #254, .T. ) ;
#1442 = DIRECTION ( 'NONE',  ( 2.775557561562890900E-016, 1.000000000000000000, 1.718492138283436200E-016 ) ) ;
#1443 = ORIENTED_EDGE ( 'NONE', *, *, #1636, .F. ) ;
#1444 = DIRECTION ( 'NONE',  ( -0.0000000000000000000, -1.000000000000000000, -0.0000000000000000000 ) ) ;
#1445 = AXIS2_PLACEMENT_3D ( 'NONE', #827, #259, #394 ) ;
#1446 = VERTEX_POINT ( 'NONE', #475 ) ;
#1447 = DIRECTION ( 'NONE',  ( -1.207676704516214000E-016, 1.000000000000000000, -0.0000000000000000000 ) ) ;
#1448 = EDGE_CURVE ( 'NONE', #260, #535, #1130, .T. ) ;
#1449 = LINE ( 'NONE', #427, #1477 ) ;
#1450 = EDGE_CURVE ( 'NONE', #909, #531, #221, .T. ) ;
#1451 = CARTESIAN_POINT ( 'NONE',  ( 0.0000000000000000000, 0.0000000000000000000, 2.238188976377953200 ) ) ;
#1452 = LINE ( 'NONE', #526, #1292 ) ;
#1453 = FACE_OUTER_BOUND ( 'NONE', #587, .T. ) ;
#1454 = CARTESIAN_POINT ( 'NONE',  ( 1.286578159124128300, -1.379392872123423700, -1.372047244094488200 ) ) ;
#1455 = VECTOR ( 'NONE', #12, 39.37007874015748100 ) ;
#1456 = DIRECTION ( 'NONE',  ( -0.0000000000000000000, 1.000000000000000000, -0.0000000000000000000 ) ) ;
#1457 = FACE_OUTER_BOUND ( 'NONE', #1740, .T. ) ;
#1458 = CARTESIAN_POINT ( 'NONE',  ( 0.7830629921259847400, 2.065699506404298400E-017, 2.238188976377953200 ) ) ;
#1459 = ADVANCED_FACE ( 'NONE', ( #1498 ), #1078, .F. ) ;
#1460 = ORIENTED_EDGE ( 'NONE', *, *, #1117, .F. ) ;
#1461 = EDGE_LOOP ( 'NONE', ( #1785, #380, #1185, #1364 ) ) ;
#1462 = CARTESIAN_POINT ( 'NONE',  ( 3.835031496062992300, 0.1499999999999993800, -1.072047244094487900 ) ) ;
#1463 = EDGE_CURVE ( 'NONE', #539, #1830, #393, .T. ) ;
#1464 = ORIENTED_EDGE ( 'NONE', *, *, #1165, .F. ) ;
#1465 = DIRECTION ( 'NONE',  ( -0.0000000000000000000, 1.000000000000000000, -0.0000000000000000000 ) ) ;
#1466 = ORIENTED_EDGE ( 'NONE', *, *, #765, .F. ) ;
#1467 =( LENGTH_UNIT ( ) NAMED_UNIT ( * ) SI_UNIT ( $, .METRE. ) );
#1468 = EDGE_CURVE ( 'NONE', #1274, #354, #1628, .T. ) ;
#1469 = VERTEX_POINT ( 'NONE', #1230 ) ;
#1470 = ADVANCED_FACE ( 'NONE', ( #1751 ), #1075, .F. ) ;
#1471 = ORIENTED_EDGE ( 'NONE', *, *, #1796, .F. ) ;
#1472 = CARTESIAN_POINT ( 'NONE',  ( 4.435031496062992900, 0.1499999999999993800, -1.672047244094488000 ) ) ;
#1473 = CARTESIAN_POINT ( 'NONE',  ( 4.883062992125983800, -0.1000000000000005100, -2.139763779527559300 ) ) ;
#1474 = DIRECTION ( 'NONE',  ( -1.207676704516214000E-016, 1.000000000000000000, -0.0000000000000000000 ) ) ;
#1475 = VECTOR ( 'NONE', #295, 39.37007874015748100 ) ;
#1476 = EDGE_CURVE ( 'NONE', #560, #1225, #312, .T. ) ;
#1477 = VECTOR ( 'NONE', #714, 39.37007874015748100 ) ;
#1478 = CARTESIAN_POINT ( 'NONE',  ( 1.334820575625056200, 0.1499999999999994100, -1.672047244094488200 ) ) ;
#1479 = CIRCLE ( 'NONE', #923, 0.08858267716535223000 ) ;
#1480 = PLANE ( 'NONE',  #1698 ) ;
#1481 = VECTOR ( 'NONE', #365, 39.37007874015748100 ) ;
#1482 = CARTESIAN_POINT ( 'NONE',  ( 1.034820575625056400, 0.1999999999999994300, -1.214566929133858300 ) ) ;
#1483 = VECTOR ( 'NONE', #886, 39.37007874015748100 ) ;
#1484 = EDGE_LOOP ( 'NONE', ( #1857, #7 ) ) ;
#1485 = CARTESIAN_POINT ( 'NONE',  ( 0.7348205756250563200, 0.1499999999999994100, -1.072047244094488100 ) ) ;
#1486 = DIRECTION ( 'NONE',  ( 1.000000000000000000, 7.241604069845571600E-018, 0.0000000000000000000 ) ) ;
#1487 = ORIENTED_EDGE ( 'NONE', *, *, #1332, .T. ) ;
#1488 = ORIENTED_EDGE ( 'NONE', *, *, #1074, .F. ) ;
#1489 = DIRECTION ( 'NONE',  ( -1.000000000000000000, 0.0000000000000000000, 0.0000000000000000000 ) ) ;
#1490 = CARTESIAN_POINT ( 'NONE',  ( 0.0000000000000000000, 0.0000000000000000000, 2.139763779527559300 ) ) ;
#1491 = ORIENTED_EDGE ( 'NONE', *, *, #831, .T. ) ;
#1492 = AXIS2_PLACEMENT_3D ( 'NONE', #326, #335, #209 ) ;
#1493 = ORIENTED_EDGE ( 'NONE', *, *, #1322, .T. ) ;
#1494 = AXIS2_PLACEMENT_3D ( 'NONE', #1657, #1529, #1253 ) ;
#1495 = DIRECTION ( 'NONE',  ( 0.0000000000000000000, 0.0000000000000000000, 1.000000000000000000 ) ) ;
#1496 = ORIENTED_EDGE ( 'NONE', *, *, #1437, .T. ) ;
#1497 = CARTESIAN_POINT ( 'NONE',  ( 0.7830629921259847400, -0.1000000000000005100, 2.238188976377953200 ) ) ;
#1498 = FACE_OUTER_BOUND ( 'NONE', #1182, .T. ) ;
#1499 = FACE_OUTER_BOUND ( 'NONE', #117, .T. ) ;
#1500 = EDGE_CURVE ( 'NONE', #337, #1594, #1568, .T. ) ;
#1501 = FACE_BOUND ( 'NONE', #1278, .T. ) ;
#1502 = DIRECTION ( 'NONE',  ( 1.207676704516214000E-016, -1.000000000000000000, -0.0000000000000000000 ) ) ;
#1503 = DIRECTION ( 'NONE',  ( -1.207676704516214000E-016, 1.000000000000000000, -0.0000000000000000000 ) ) ;
#1504 = CIRCLE ( 'NONE', #1180, 0.08858267716535578300 ) ;
#1505 = AXIS2_PLACEMENT_3D ( 'NONE', #1310, #598, #895 ) ;
#1506 = LINE ( 'NONE', #516, #1693 ) ;
#1507 = ORIENTED_EDGE ( 'NONE', *, *, #1448, .F. ) ;
#1508 = CARTESIAN_POINT ( 'NONE',  ( 1.334820575625056800, 0.1499999999999994100, 1.672047244094487800 ) ) ;
#1509 = PRODUCT_DEFINITION_FORMATION_WITH_SPECIFIED_SOURCE ( 'ANY', '', #636, .NOT_KNOWN. ) ;
#1510 = DIRECTION ( 'NONE',  ( 0.0000000000000000000, 0.0000000000000000000, 1.000000000000000000 ) ) ;
#1511 = DIRECTION ( 'NONE',  ( 2.220446049250313100E-016, 1.000000000000000000, 1.718492138283435900E-016 ) ) ;
#1512 = ORIENTED_EDGE ( 'NONE', *, *, #254, .F. ) ;
#1513 = EDGE_CURVE ( 'NONE', #234, #564, #1545, .T. ) ;
#1514 = CARTESIAN_POINT ( 'NONE',  ( 1.334820575625056200, 0.1499999999999994100, -1.072047244094488100 ) ) ;
#1515 = ORIENTED_EDGE ( 'NONE', *, *, #917, .F. ) ;
#1516 = DIRECTION ( 'NONE',  ( -0.0000000000000000000, 1.000000000000000000, -0.0000000000000000000 ) ) ;
#1517 = FACE_OUTER_BOUND ( 'NONE', #1053, .T. ) ;
#1518 = AXIS2_PLACEMENT_3D ( 'NONE', #1619, #722, #1334 ) ;
#1519 = LENGTH_MEASURE_WITH_UNIT ( LENGTH_MEASURE( 0.02539999999999999900 ), #583 );
#1520 = AXIS2_PLACEMENT_3D ( 'NONE', #606, #776, #190 ) ;
#1521 = LINE ( 'NONE', #968, #1845 ) ;
#1522 = CARTESIAN_POINT ( 'NONE',  ( 4.435031496062992900, 0.1999999999999994000, -1.672047244094488000 ) ) ;
#1523 = FACE_OUTER_BOUND ( 'NONE', #239, .T. ) ;
#1524 = FACE_OUTER_BOUND ( 'NONE', #934, .T. ) ;
#1525 = EDGE_CURVE ( 'NONE', #868, #70, #1521, .T. ) ;
#1526 = DIRECTION ( 'NONE',  ( 0.0000000000000000000, 0.0000000000000000000, 1.000000000000000000 ) ) ;
#1527 = CYLINDRICAL_SURFACE ( 'NONE', #338, 0.1574803149606300600 ) ;
#1528 = CARTESIAN_POINT ( 'NONE',  ( 0.2856296013484253000, 0.1999999999999994300, 2.238188976377953200 ) ) ;
#1529 = DIRECTION ( 'NONE',  ( -1.207676704516214000E-016, 1.000000000000000000, -0.0000000000000000000 ) ) ;
#1530 = EDGE_LOOP ( 'NONE', ( #1743, #1346, #1460, #972 ) ) ;
#1531 = AXIS2_PLACEMENT_3D ( 'NONE', #1042, #1762, #1495 ) ;
#1532 = ORIENTED_EDGE ( 'NONE', *, *, #193, .F. ) ;
#1533 = ADVANCED_FACE ( 'NONE', ( #682 ), #613, .T. ) ;
#1534 = CARTESIAN_POINT ( 'NONE',  ( 4.135031496062993900, -0.1000000000000000200, 1.372047244094487300 ) ) ;
#1535 = CARTESIAN_POINT ( 'NONE',  ( 2.410775601231403900, -0.6358188311019678000, 3.629397374235636000E-016 ) ) ;
#1536 = EDGE_LOOP ( 'NONE', ( #1616, #1028, #1209, #166 ) ) ;
#1537 = DIRECTION ( 'NONE',  ( -0.0000000000000000000, -0.0000000000000000000, -1.000000000000000000 ) ) ;
#1538 = VERTEX_POINT ( 'NONE', #389 ) ;
#1539 = VERTEX_POINT ( 'NONE', #646 ) ;
#1540 = EDGE_CURVE ( 'NONE', #354, #1274, #1795, .T. ) ;
#1541 = DIRECTION ( 'NONE',  ( -2.276539994720218900E-016, 1.649912810242718600E-033, -1.000000000000000000 ) ) ;
#1542 = DIRECTION ( 'NONE',  ( 0.0000000000000000000, 0.0000000000000000000, -1.000000000000000000 ) ) ;
#1543 = EDGE_CURVE ( 'NONE', #1030, #1446, #1706, .T. ) ;
#1544 = CARTESIAN_POINT ( 'NONE',  ( 4.135031496062993900, -0.6358188311019684600, 1.460629921259839900 ) ) ;
#1545 = LINE ( 'NONE', #363, #329 ) ;
#1546 = PLANE ( 'NONE',  #711 ) ;
#1547 = CYLINDRICAL_SURFACE ( 'NONE', #1098, 0.08858267716535550600 ) ;
#1548 = DIRECTION ( 'NONE',  ( 0.0000000000000000000, 0.0000000000000000000, 1.000000000000000000 ) ) ;
#1549 = PLANE ( 'NONE',  #1729 ) ;
#1550 = FACE_OUTER_BOUND ( 'NONE', #306, .T. ) ;
#1551 = EDGE_CURVE ( 'NONE', #236, #718, #1172, .T. ) ;
#1552 = CARTESIAN_POINT ( 'NONE',  ( 1.034820575625056600, -0.6358188311019678000, 1.372047244094487800 ) ) ;
#1553 = EDGE_CURVE ( 'NONE', #1769, #1637, #732, .T. ) ;
#1554 = CIRCLE ( 'NONE', #1531, 0.1574803149606297800 ) ;
#1555 = DIRECTION ( 'NONE',  ( 0.0000000000000000000, 0.0000000000000000000, 1.000000000000000000 ) ) ;
#1556 = DIRECTION ( 'NONE',  ( 0.0000000000000000000, 0.0000000000000000000, -1.000000000000000000 ) ) ;
#1557 = ORIENTED_EDGE ( 'NONE', *, *, #818, .T. ) ;
#1558 = CARTESIAN_POINT ( 'NONE',  ( 3.835031496062992300, 0.1499999999999993800, -1.672047244094488000 ) ) ;
#1559 = AXIS2_PLACEMENT_3D ( 'NONE', #538, #1397, #529 ) ;
#1560 = ORIENTED_EDGE ( 'NONE', *, *, #1361, .T. ) ;
#1561 = DIRECTION ( 'NONE',  ( -0.0000000000000000000, 1.000000000000000000, -0.0000000000000000000 ) ) ;
#1562 = VERTEX_POINT ( 'NONE', #1121 ) ;
#1563 = ORIENTED_EDGE ( 'NONE', *, *, #1300, .F. ) ;
#1564 = ORIENTED_EDGE ( 'NONE', *, *, #917, .T. ) ;
#1565 = EDGE_CURVE ( 'NONE', #1228, #819, #1289, .T. ) ;
#1566 = EDGE_CURVE ( 'NONE', #553, #1045, #1429, .T. ) ;
#1567 = VECTOR ( 'NONE', #569, 39.37007874015748100 ) ;
#1568 = LINE ( 'NONE', #81, #176 ) ;
#1569 = PLANE ( 'NONE',  #1675 ) ;
#1570 = LINE ( 'NONE', #1522, #1311 ) ;
#1571 = VECTOR ( 'NONE', #575, 39.37007874015748100 ) ;
#1572 = PLANE ( 'NONE',  #1011 ) ;
#1573 = LINE ( 'NONE', #892, #1801 ) ;
#1574 = ORIENTED_EDGE ( 'NONE', *, *, #270, .F. ) ;
#1575 = ORIENTED_EDGE ( 'NONE', *, *, #51, .F. ) ;
#1576 = ORIENTED_EDGE ( 'NONE', *, *, #1553, .T. ) ;
#1577 = DIRECTION ( 'NONE',  ( 1.207676704516214000E-016, -1.000000000000000000, 0.0000000000000000000 ) ) ;
#1578 = AXIS2_PLACEMENT_3D ( 'NONE', #1149, #1731, #860 ) ;
#1579 = ORIENTED_EDGE ( 'NONE', *, *, #907, .F. ) ;
#1580 = DIRECTION ( 'NONE',  ( 1.000000000000000000, 1.356388135212982700E-016, 0.0000000000000000000 ) ) ;
#1581 = VERTEX_POINT ( 'NONE', #666 ) ;
#1582 = VERTEX_POINT ( 'NONE', #230 ) ;
#1583 = ADVANCED_FACE ( 'NONE', ( #1402, #1036 ), #1546, .F. ) ;
#1584 = DIRECTION ( 'NONE',  ( 2.220446049250313100E-016, 1.000000000000000000, 1.718492138283435900E-016 ) ) ;
#1585 = FACE_OUTER_BOUND ( 'NONE', #893, .T. ) ;
#1586 = CIRCLE ( 'NONE', #1272, 0.1574803149606300600 ) ;
#1587 = AXIS2_PLACEMENT_3D ( 'NONE', #1401, #1260, #100 ) ;
#1588 = LENGTH_MEASURE_WITH_UNIT ( LENGTH_MEASURE( 0.02539999999999999900 ), #1702 );
#1589 = AXIS2_PLACEMENT_3D ( 'NONE', #1262, #385, #1430 ) ;
#1590 = VECTOR ( 'NONE', #627, 39.37007874015748100 ) ;
#1591 = CARTESIAN_POINT ( 'NONE',  ( 1.034820575625056400, -0.1000000000000004900, -1.372047244094488200 ) ) ;
#1592 = LINE ( 'NONE', #1528, #804 ) ;
#1593 = ADVANCED_FACE ( 'NONE', ( #1727, #1238 ), #1694, .F. ) ;
#1594 = VERTEX_POINT ( 'NONE', #654 ) ;
#1595 = EDGE_CURVE ( 'NONE', #1582, #842, #899, .T. ) ;
#1596 = ORIENTED_EDGE ( 'NONE', *, *, #1361, .F. ) ;
#1597 = DIRECTION ( 'NONE',  ( -1.000000000000000000, 0.0000000000000000000, 0.0000000000000000000 ) ) ;
#1598 = VERTEX_POINT ( 'NONE', #109 ) ;
#1599 = CARTESIAN_POINT ( 'NONE',  ( 0.7348205756250563200, 0.1499999999999994100, -1.072047244094488100 ) ) ;
#1600 = AXIS2_PLACEMENT_3D ( 'NONE', #1107, #1542, #655 ) ;
#1601 = VERTEX_POINT ( 'NONE', #250 ) ;
#1602 = DIRECTION ( 'NONE',  ( -0.0000000000000000000, 1.000000000000000000, -0.0000000000000000000 ) ) ;
#1603 = ORIENTED_EDGE ( 'NONE', *, *, #1685, .T. ) ;
#1604 = CARTESIAN_POINT ( 'NONE',  ( 4.135031496062993000, -0.1000000000000000200, -1.372047244094488400 ) ) ;
#1605 = DIRECTION ( 'NONE',  ( -7.247458046286108400E-018, -1.000000000000000000, 0.0000000000000000000 ) ) ;
#1606 = VERTEX_POINT ( 'NONE', #237 ) ;
#1607 = LINE ( 'NONE', #546, #1214 ) ;
#1608 = CIRCLE ( 'NONE', #1589, 0.1574803149606297800 ) ;
#1609 = CARTESIAN_POINT ( 'NONE',  ( 4.135031496062993000, -0.6358188311019679100, -1.372047244094488400 ) ) ;
#1610 = VECTOR ( 'NONE', #311, 39.37007874015748100 ) ;
#1611 = DIRECTION ( 'NONE',  ( -0.0000000000000000000, 1.000000000000000000, -0.0000000000000000000 ) ) ;
#1612 = LINE ( 'NONE', #607, #464 ) ;
#1613 = DIRECTION ( 'NONE',  ( -1.000000000000000000, 0.0000000000000000000, 2.276539994720218900E-016 ) ) ;
#1614 = CYLINDRICAL_SURFACE ( 'NONE', #1828, 0.2517575834990719000 ) ;
#1615 = CARTESIAN_POINT ( 'NONE',  ( 0.7348205756250563200, 0.1499999999999994100, -1.672047244094488200 ) ) ;
#1616 = ORIENTED_EDGE ( 'NONE', *, *, #1117, .T. ) ;
#1617 = ORIENTED_EDGE ( 'NONE', *, *, #800, .F. ) ;
#1618 = EDGE_CURVE ( 'NONE', #712, #1271, #128, .T. ) ;
#1619 = CARTESIAN_POINT ( 'NONE',  ( 4.135031496062993900, 0.1499999999999993800, 1.372047244094487300 ) ) ;
#1620 = CARTESIAN_POINT ( 'NONE',  ( -3.623729023143054700E-019, 0.1499999999999994100, 0.0000000000000000000 ) ) ;
#1621 = ORIENTED_EDGE ( 'NONE', *, *, #979, .T. ) ;
#1622 = ORIENTED_EDGE ( 'NONE', *, *, #1476, .F. ) ;
#1623 = EDGE_LOOP ( 'NONE', ( #119, #980 ) ) ;
#1624 = DIRECTION ( 'NONE',  ( 7.247458046286108400E-018, 1.000000000000000000, 0.0000000000000000000 ) ) ;
#1625 = CARTESIAN_POINT ( 'NONE',  ( 1.334820575625056200, 0.1499999999999994100, -1.672047244094488200 ) ) ;
#1626 = VERTEX_POINT ( 'NONE', #1001 ) ;
#1627 = EDGE_CURVE ( 'NONE', #1341, #952, #680, .T. ) ;
#1628 = CIRCLE ( 'NONE', #854, 0.2517575834990719000 ) ;
#1629 = CARTESIAN_POINT ( 'NONE',  ( 4.435031496062993700, 0.1499999999999993800, 1.072047244094487300 ) ) ;
#1630 = CYLINDRICAL_SURFACE ( 'NONE', #681, 0.1574803149606300600 ) ;
#1631 = FACE_OUTER_BOUND ( 'NONE', #123, .T. ) ;
#1632 = ADVANCED_FACE ( 'NONE', ( #496, #1128 ), #847, .F. ) ;
#1633 = EDGE_LOOP ( 'NONE', ( #1027, #341, #1699, #653 ) ) ;
#1634 = CARTESIAN_POINT ( 'NONE',  ( 4.386789079562065700, -1.379392872123423200, 1.372047244094487300 ) ) ;
#1635 = CARTESIAN_POINT ( 'NONE',  ( 5.001173228346456900, 2.065699506404295900E-017, 2.238188976377953200 ) ) ;
#1636 = EDGE_CURVE ( 'NONE', #768, #1637, #989, .T. ) ;
#1637 = VERTEX_POINT ( 'NONE', #392 ) ;
#1638 = ORIENTED_EDGE ( 'NONE', *, *, #1525, .F. ) ;
#1639 = DIRECTION ( 'NONE',  ( -1.000000000000000000, -1.356388135212982700E-016, 0.0000000000000000000 ) ) ;
#1640 = VERTEX_POINT ( 'NONE', #685 ) ;
#1641 = AXIS2_PLACEMENT_3D ( 'NONE', #1451, #710, #144 ) ;
#1642 = ORIENTED_EDGE ( 'NONE', *, *, #96, .T. ) ;
#1643 = AXIS2_PLACEMENT_3D ( 'NONE', #1744, #1167, #173 ) ;
#1644 = SHAPE_DEFINITION_REPRESENTATION ( #591, #726 ) ;
#1645 = CIRCLE ( 'NONE', #235, 0.2517575834990719000 ) ;
#1646 = VECTOR ( 'NONE', #94, 39.37007874015748100 ) ;
#1647 = EDGE_CURVE ( 'NONE', #1395, #1539, #309, .T. ) ;
#1648 = FACE_OUTER_BOUND ( 'NONE', #1416, .T. ) ;
#1649 = CARTESIAN_POINT ( 'NONE',  ( 4.135031496062993900, -0.03622031496063054400, 1.372047244094487300 ) ) ;
#1650 = LINE ( 'NONE', #431, #1313 ) ;
#1651 = AXIS2_PLACEMENT_3D ( 'NONE', #803, #1684, #1823 ) ;
#1652 = ORIENTED_EDGE ( 'NONE', *, *, #603, .T. ) ;
#1653 = ORIENTED_EDGE ( 'NONE', *, *, #532, .F. ) ;
#1654 = DIRECTION ( 'NONE',  ( -1.000000000000000000, 0.0000000000000000000, 0.0000000000000000000 ) ) ;
#1655 = VERTEX_POINT ( 'NONE', #257 ) ;
#1656 = CARTESIAN_POINT ( 'NONE',  ( 4.435031496062992900, 0.1499999999999993800, -1.672047244094488000 ) ) ;
#1657 = CARTESIAN_POINT ( 'NONE',  ( 1.034820575625056800, -1.379392872123423700, 1.372047244094487800 ) ) ;
#1658 = ORIENTED_EDGE ( 'NONE', *, *, #884, .T. ) ;
#1659 = ORIENTED_EDGE ( 'NONE', *, *, #38, .F. ) ;
#1660 = EDGE_LOOP ( 'NONE', ( #780, #1617, #297, #421 ) ) ;
#1661 = ORIENTED_EDGE ( 'NONE', *, *, #106, .F. ) ;
#1662 = EDGE_CURVE ( 'NONE', #1594, #1469, #1749, .T. ) ;
#1663 = CARTESIAN_POINT ( 'NONE',  ( 1.034820575625056600, 0.1499999999999994100, 1.214566929133857900 ) ) ;
#1664 = DIRECTION ( 'NONE',  ( 0.0000000000000000000, 0.0000000000000000000, 1.000000000000000000 ) ) ;
#1665 = PRODUCT_RELATED_PRODUCT_CATEGORY ( 'part', '', ( #636 ) ) ;
#1666 = LINE ( 'NONE', #140, #21 ) ;
#1667 = DIRECTION ( 'NONE',  ( -1.207676704516214000E-016, 1.000000000000000000, -0.0000000000000000000 ) ) ;
#1668 = VECTOR ( 'NONE', #381, 39.37007874015748100 ) ;
#1669 = DIRECTION ( 'NONE',  ( -0.0000000000000000000, 1.000000000000000000, -0.0000000000000000000 ) ) ;
#1670 = VECTOR ( 'NONE', #518, 39.37007874015748100 ) ;
#1671 = DIRECTION ( 'NONE',  ( -0.0000000000000000000, 1.000000000000000000, -0.0000000000000000000 ) ) ;
#1672 = LINE ( 'NONE', #785, #1060 ) ;
#1673 = DIRECTION ( 'NONE',  ( 0.0000000000000000000, 0.0000000000000000000, 1.000000000000000000 ) ) ;
#1674 = VECTOR ( 'NONE', #829, 39.37007874015748100 ) ;
#1675 = AXIS2_PLACEMENT_3D ( 'NONE', #1829, #1692, #1125 ) ;
#1676 = ORIENTED_EDGE ( 'NONE', *, *, #1142, .T. ) ;
#1677 = ORIENTED_EDGE ( 'NONE', *, *, #1704, .T. ) ;
#1678 = CARTESIAN_POINT ( 'NONE',  ( 1.034820575625056400, -0.1000000000000004900, -1.372047244094488200 ) ) ;
#1679 = ORIENTED_EDGE ( 'NONE', *, *, #455, .T. ) ;
#1680 = ORIENTED_EDGE ( 'NONE', *, *, #195, .T. ) ;
#1681 = EDGE_CURVE ( 'NONE', #753, #355, #1607, .T. ) ;
#1682 = DIRECTION ( 'NONE',  ( -1.000000000000000000, 0.0000000000000000000, 0.0000000000000000000 ) ) ;
#1683 = DIRECTION ( 'NONE',  ( -0.0000000000000000000, 1.000000000000000000, -0.0000000000000000000 ) ) ;
#1684 = DIRECTION ( 'NONE',  ( -0.0000000000000000000, 1.000000000000000000, -0.0000000000000000000 ) ) ;
#1685 = EDGE_CURVE ( 'NONE', #535, #675, #875, .T. ) ;
#1686 = CARTESIAN_POINT ( 'NONE',  ( 4.435031496062993700, 0.1499999999999993800, 1.672047244094487400 ) ) ;
#1687 = DIRECTION ( 'NONE',  ( 0.8191520442889948000, 0.5735764363510417200, 0.0000000000000000000 ) ) ;
#1688 = CIRCLE ( 'NONE', #308, 0.1574803149606295300 ) ;
#1689 = CARTESIAN_POINT ( 'NONE',  ( 4.135031496062993900, 0.1499999999999993800, 1.214566929133857200 ) ) ;
#1690 = DIRECTION ( 'NONE',  ( -0.0000000000000000000, 1.000000000000000000, -0.0000000000000000000 ) ) ;
#1691 = EDGE_CURVE ( 'NONE', #700, #1538, #1427, .T. ) ;
#1692 = DIRECTION ( 'NONE',  ( -0.0000000000000000000, 0.0000000000000000000, 1.000000000000000000 ) ) ;
#1693 = VECTOR ( 'NONE', #647, 39.37007874015748100 ) ;
#1694 = PLANE ( 'NONE',  #1083 ) ;
#1695 = ORIENTED_EDGE ( 'NONE', *, *, #228, .F. ) ;
#1696 = CARTESIAN_POINT ( 'NONE',  ( 0.7348205756250565400, 0.1999999999999994300, 1.672047244094487800 ) ) ;
#1697 = AXIS2_PLACEMENT_3D ( 'NONE', #810, #1561, #1264 ) ;
#1698 = AXIS2_PLACEMENT_3D ( 'NONE', #453, #1757, #898 ) ;
#1699 = ORIENTED_EDGE ( 'NONE', *, *, #324, .T. ) ;
#1700 = CARTESIAN_POINT ( 'NONE',  ( 4.435031496062992900, 0.1499999999999993800, -1.672047244094488000 ) ) ;
#1701 = EDGE_LOOP ( 'NONE', ( #1162, #1836, #702, #162 ) ) ;
#1702 =( LENGTH_UNIT ( ) NAMED_UNIT ( * ) SI_UNIT ( $, .METRE. ) );
#1703 = ORIENTED_EDGE ( 'NONE', *, *, #1748, .F. ) ;
#1704 = EDGE_CURVE ( 'NONE', #1581, #435, #82, .T. ) ;
#1705 = ORIENTED_EDGE ( 'NONE', *, *, #1267, .F. ) ;
#1706 = LINE ( 'NONE', #794, #1009 ) ;
#1707 = DIRECTION ( 'NONE',  ( -0.0000000000000000000, 1.000000000000000000, -0.0000000000000000000 ) ) ;
#1708 = LINE ( 'NONE', #240, #707 ) ;
#1709 = ADVANCED_FACE ( 'NONE', ( #849 ), #127, .F. ) ;
#1710 = DIRECTION ( 'NONE',  ( -0.0000000000000000000, -0.0000000000000000000, 1.000000000000000000 ) ) ;
#1711 = LINE ( 'NONE', #398, #1670 ) ;
#1712 = DIRECTION ( 'NONE',  ( -0.0000000000000000000, 1.000000000000000000, -0.0000000000000000000 ) ) ;
#1713 = LINE ( 'NONE', #738, #1455 ) ;
#1714 = EDGE_CURVE ( 'NONE', #337, #727, #521, .T. ) ;
#1715 = PLANE ( 'NONE',  #1789 ) ;
#1716 = CARTESIAN_POINT ( 'NONE',  ( 4.223614173228349400, -0.03622031496063054400, 1.372047244094487300 ) ) ;
#1717 = CARTESIAN_POINT ( 'NONE',  ( 1.034820575625056600, -0.6358188311019678000, 1.372047244094487800 ) ) ;
#1718 = ORIENTED_EDGE ( 'NONE', *, *, #1566, .F. ) ;
#1719 = ADVANCED_FACE ( 'NONE', ( #349, #1035 ), #1280, .F. ) ;
#1720 = ORIENTED_EDGE ( 'NONE', *, *, #346, .T. ) ;
#1721 = EDGE_LOOP ( 'NONE', ( #1488, #1839, #424, #168 ) ) ;
#1722 = CARTESIAN_POINT ( 'NONE',  ( 1.334820575625056800, 0.1499999999999994100, 1.672047244094487800 ) ) ;
#1723 = ORIENTED_EDGE ( 'NONE', *, *, #1263, .F. ) ;
#1724 = EDGE_CURVE ( 'NONE', #37, #1283, #1645, .T. ) ;
#1725 = CARTESIAN_POINT ( 'NONE',  ( 2.410775601231403900, -0.6358188311019678000, 3.629397374235636000E-016 ) ) ;
#1726 =( NAMED_UNIT ( * ) PLANE_ANGLE_UNIT ( ) SI_UNIT ( $, .RADIAN. ) );
#1727 = FACE_OUTER_BOUND ( 'NONE', #835, .T. ) ;
#1728 = AXIS2_PLACEMENT_3D ( 'NONE', #1730, #315, #1323 ) ;
#1729 = AXIS2_PLACEMENT_3D ( 'NONE', #1558, #1103, #1826 ) ;
#1730 = CARTESIAN_POINT ( 'NONE',  ( 2.410775601231403900, -0.6358188311019678000, 3.629397374235636000E-016 ) ) ;
#1731 = DIRECTION ( 'NONE',  ( 2.220446049250313100E-016, 1.000000000000000000, 1.718492138283435900E-016 ) ) ;
#1732 = LINE ( 'NONE', #1414, #1754 ) ;
#1733 = DIRECTION ( 'NONE',  ( 1.000000000000000000, 1.224646799147354400E-016, -0.0000000000000000000 ) ) ;
#1734 = VERTEX_POINT ( 'NONE', #161 ) ;
#1735 = ADVANCED_FACE ( 'NONE', ( #1585 ), #495, .F. ) ;
#1736 = EDGE_CURVE ( 'NONE', #539, #554, #825, .T. ) ;
#1737 = ORIENTED_EDGE ( 'NONE', *, *, #1104, .F. ) ;
#1738 = DIRECTION ( 'NONE',  ( -1.000000000000000000, 0.0000000000000000000, 0.0000000000000000000 ) ) ;
#1739 = DIRECTION ( 'NONE',  ( -0.0000000000000000000, 1.000000000000000000, -0.0000000000000000000 ) ) ;
#1740 = EDGE_LOOP ( 'NONE', ( #11, #494, #187, #723 ) ) ;
#1741 = APPLICATION_CONTEXT ( 'automotive_design' ) ;
#1742 = AXIS2_PLACEMENT_3D ( 'NONE', #1717, #857, #1056 ) ;
#1743 = ORIENTED_EDGE ( 'NONE', *, *, #1368, .F. ) ;
#1744 = CARTESIAN_POINT ( 'NONE',  ( 4.135031496062993000, -1.379392872123423200, -1.372047244094488400 ) ) ;
#1745 = EDGE_LOOP ( 'NONE', ( #1168, #1073 ) ) ;
#1746 = CARTESIAN_POINT ( 'NONE',  ( 0.0000000000000000000, 0.0000000000000000000, -2.238188976377953200 ) ) ;
#1747 = ORIENTED_EDGE ( 'NONE', *, *, #474, .T. ) ;
#1748 = EDGE_CURVE ( 'NONE', #296, #769, #438, .T. ) ;
#1749 = LINE ( 'NONE', #283, #126 ) ;
#1750 = DIRECTION ( 'NONE',  ( -0.8191520442889948000, -0.5735764363510417200, -0.0000000000000000000 ) ) ;
#1751 = FACE_OUTER_BOUND ( 'NONE', #1761, .T. ) ;
#1752 = FACE_OUTER_BOUND ( 'NONE', #1306, .T. ) ;
#1753 = AXIS2_PLACEMENT_3D ( 'NONE', #1817, #656, #632 ) ;
#1754 = VECTOR ( 'NONE', #1110, 39.37007874015748100 ) ;
#1755 = AXIS2_PLACEMENT_3D ( 'NONE', #1091, #1541, #103 ) ;
#1756 = DIRECTION ( 'NONE',  ( 1.000000000000000000, -7.247458046286108400E-018, 0.0000000000000000000 ) ) ;
#1757 = DIRECTION ( 'NONE',  ( -1.000000000000000000, 0.0000000000000000000, 0.0000000000000000000 ) ) ;
#1758 = CIRCLE ( 'NONE', #1123, 0.2517575834990719000 ) ;
#1759 = DIRECTION ( 'NONE',  ( 1.000000000000000000, 0.0000000000000000000, 0.0000000000000000000 ) ) ;
#1760 = CIRCLE ( 'NONE', #1651, 0.1574803149606297800 ) ;
#1761 = EDGE_LOOP ( 'NONE', ( #80, #169, #1043, #1642 ) ) ;
#1762 = DIRECTION ( 'NONE',  ( -0.0000000000000000000, 1.000000000000000000, -0.0000000000000000000 ) ) ;
#1763 = ORIENTED_EDGE ( 'NONE', *, *, #106, .T. ) ;
#1764 = DIRECTION ( 'NONE',  ( 0.0000000000000000000, 0.0000000000000000000, 1.000000000000000000 ) ) ;
#1765 = CARTESIAN_POINT ( 'NONE',  ( 1.034820575625056400, 0.1999999999999994300, -1.372047244094488200 ) ) ;
#1766 = ORIENTED_EDGE ( 'NONE', *, *, #1322, .F. ) ;
#1767 = ORIENTED_EDGE ( 'NONE', *, *, #1551, .T. ) ;
#1768 = AXIS2_PLACEMENT_3D ( 'NONE', #406, #1690, #1424 ) ;
#1769 = VERTEX_POINT ( 'NONE', #863 ) ;
#1770 = CARTESIAN_POINT ( 'NONE',  ( 4.135031496062993000, 0.1999999999999994000, -1.372047244094488400 ) ) ;
#1771 = CARTESIAN_POINT ( 'NONE',  ( 4.135031496062993900, -0.6358188311019684600, 1.372047244094487300 ) ) ;
#1772 = EDGE_CURVE ( 'NONE', #648, #1226, #104, .T. ) ;
#1773 = VECTOR ( 'NONE', #1212, 39.37007874015748100 ) ;
#1774 = DIRECTION ( 'NONE',  ( 0.0000000000000000000, 0.0000000000000000000, 1.000000000000000000 ) ) ;
#1775 = LINE ( 'NONE', #1386, #1646 ) ;
#1776 = DIRECTION ( 'NONE',  ( -0.0000000000000000000, -0.0000000000000000000, -1.000000000000000000 ) ) ;
#1777 = EDGE_CURVE ( 'NONE', #625, #1446, #39, .T. ) ;
#1778 = VECTOR ( 'NONE', #717, 39.37007874015748100 ) ;
#1779 = CIRCLE ( 'NONE', #865, 0.08858267716535209200 ) ;
#1780 = CARTESIAN_POINT ( 'NONE',  ( 5.001173228346456900, 2.065699506404295900E-017, 2.238188976377953200 ) ) ;
#1781 = VECTOR ( 'NONE', #534, 39.37007874015748100 ) ;
#1782 = AXIS2_PLACEMENT_3D ( 'NONE', #1609, #15, #1173 ) ;
#1783 = DIRECTION ( 'NONE',  ( 0.0000000000000000000, 0.0000000000000000000, -1.000000000000000000 ) ) ;
#1784 = EDGE_LOOP ( 'NONE', ( #838, #1804 ) ) ;
#1785 = ORIENTED_EDGE ( 'NONE', *, *, #1015, .F. ) ;
#1786 = DIRECTION ( 'NONE',  ( 0.0000000000000000000, 0.0000000000000000000, 1.000000000000000000 ) ) ;
#1787 = ORIENTED_EDGE ( 'NONE', *, *, #10, .T. ) ;
#1788 = ORIENTED_EDGE ( 'NONE', *, *, #931, .F. ) ;
#1789 = AXIS2_PLACEMENT_3D ( 'NONE', #274, #281, #1605 ) ;
#1790 = ORIENTED_EDGE ( 'NONE', *, *, #120, .F. ) ;
#1791 = AXIS2_PLACEMENT_3D ( 'NONE', #1187, #194, #343 ) ;
#1792 = ORIENTED_EDGE ( 'NONE', *, *, #703, .T. ) ;
#1793 = DIRECTION ( 'NONE',  ( -0.0000000000000000000, 1.000000000000000000, -0.0000000000000000000 ) ) ;
#1794 = CIRCLE ( 'NONE', #1782, 0.08858267716535223000 ) ;
#1795 = CIRCLE ( 'NONE', #771, 0.2517575834990719000 ) ;
#1796 = EDGE_CURVE ( 'NONE', #1261, #674, #65, .T. ) ;
#1797 = CARTESIAN_POINT ( 'NONE',  ( 4.435031496062993700, 0.1499999999999993800, 1.072047244094487300 ) ) ;
#1798 = DIRECTION ( 'NONE',  ( -0.0000000000000000000, 1.000000000000000000, -0.0000000000000000000 ) ) ;
#1799 = DIRECTION ( 'NONE',  ( -1.000000000000000000, 7.247458046286108400E-018, 0.0000000000000000000 ) ) ;
#1800 = VECTOR ( 'NONE', #971, 39.37007874015748100 ) ;
#1801 = VECTOR ( 'NONE', #588, 39.37007874015748100 ) ;
#1802 = VECTOR ( 'NONE', #1392, 39.37007874015748100 ) ;
#1803 = DIRECTION ( 'NONE',  ( 0.0000000000000000000, -1.000000000000000000, 0.0000000000000000000 ) ) ;
#1804 = ORIENTED_EDGE ( 'NONE', *, *, #1388, .T. ) ;
#1805 = CARTESIAN_POINT ( 'NONE',  ( 1.334820575625056200, 0.1999999999999994300, -1.672047244094488200 ) ) ;
#1806 = CARTESIAN_POINT ( 'NONE',  ( 4.435031496062993700, 0.1999999999999994000, 1.072047244094487300 ) ) ;
#1807 = ORIENTED_EDGE ( 'NONE', *, *, #689, .T. ) ;
#1808 = EDGE_CURVE ( 'NONE', #554, #1393, #391, .T. ) ;
#1809 = ORIENTED_EDGE ( 'NONE', *, *, #346, .F. ) ;
#1810 = CARTESIAN_POINT ( 'NONE',  ( -3.623729023143054700E-019, 0.1499999999999993800, 0.0000000000000000000 ) ) ;
#1811 = CARTESIAN_POINT ( 'NONE',  ( 4.135031496062993900, 0.1999999999999994000, 1.460629921259842800 ) ) ;
#1812 = ORIENTED_EDGE ( 'NONE', *, *, #328, .F. ) ;
#1813 = DIRECTION ( 'NONE',  ( 0.0000000000000000000, 0.0000000000000000000, 1.000000000000000000 ) ) ;
#1814 = ORIENTED_EDGE ( 'NONE', *, *, #1820, .F. ) ;
#1815 = AXIS2_PLACEMENT_3D ( 'NONE', #918, #1084, #1376 ) ;
#1816 = DIRECTION ( 'NONE',  ( -0.0000000000000000000, -0.0000000000000000000, -1.000000000000000000 ) ) ;
#1817 = CARTESIAN_POINT ( 'NONE',  ( 1.034820575625056600, -0.1000000000000004900, 1.372047244094487800 ) ) ;
#1818 = FACE_BOUND ( 'NONE', #1095, .T. ) ;
#1819 = PLANE ( 'NONE',  #399 ) ;
#1820 = EDGE_CURVE ( 'NONE', #37, #1274, #1666, .T. ) ;
#1821 = CARTESIAN_POINT ( 'NONE',  ( 3.835031496062993700, 0.1499999999999993800, 1.672047244094487400 ) ) ;
#1822 = LINE ( 'NONE', #440, #1038 ) ;
#1823 = DIRECTION ( 'NONE',  ( 0.0000000000000000000, 0.0000000000000000000, -1.000000000000000000 ) ) ;
#1824 = CIRCLE ( 'NONE', #1753, 0.2517575834990719000 ) ;
#1825 = DIRECTION ( 'NONE',  ( 2.220446049250313100E-016, 1.000000000000000000, 1.718492138283435900E-016 ) ) ;
#1826 = DIRECTION ( 'NONE',  ( -7.247458046286108400E-018, -1.000000000000000000, 0.0000000000000000000 ) ) ;
#1827 = ORIENTED_EDGE ( 'NONE', *, *, #1152, .T. ) ;
#1828 = AXIS2_PLACEMENT_3D ( 'NONE', #310, #1072, #751 ) ;
#1829 = CARTESIAN_POINT ( 'NONE',  ( 0.7348205756250565400, 0.1499999999999994100, 1.672047244094487800 ) ) ;
#1830 = VERTEX_POINT ( 'NONE', #882 ) ;
#1831 = DIRECTION ( 'NONE',  ( -0.0000000000000000000, -1.000000000000000000, -0.0000000000000000000 ) ) ;
#1832 = ORIENTED_EDGE ( 'NONE', *, *, #378, .F. ) ;
#1833 = CARTESIAN_POINT ( 'NONE',  ( 3.883273912563921700, -0.1000000000000000600, 1.372047244094487300 ) ) ;
#1834 = EDGE_LOOP ( 'NONE', ( #623, #784, #1126, #1788 ) ) ;
#1835 = ADVANCED_FACE ( 'NONE', ( #1170 ), #1178, .F. ) ;
#1836 = ORIENTED_EDGE ( 'NONE', *, *, #504, .T. ) ;
#1837 = EDGE_CURVE ( 'NONE', #1769, #1418, #1794, .T. ) ;
#1838 = CARTESIAN_POINT ( 'NONE',  ( 4.435031496062992900, 0.1999999999999994000, -1.672047244094488000 ) ) ;
#1839 = ORIENTED_EDGE ( 'NONE', *, *, #1565, .F. ) ;
#1840 = CARTESIAN_POINT ( 'NONE',  ( 4.135031496062993000, 0.1999999999999994000, -1.214566929133858800 ) ) ;
#1841 = ORIENTED_EDGE ( 'NONE', *, *, #1540, .T. ) ;
#1842 = DIRECTION ( 'NONE',  ( -1.000000000000000000, -1.510405558694876400E-018, 0.0000000000000000000 ) ) ;
#1843 = DIRECTION ( 'NONE',  ( 7.247458046286108400E-018, 1.000000000000000000, -0.0000000000000000000 ) ) ;
#1844 = VECTOR ( 'NONE', #1307, 39.37007874015748100 ) ;
#1845 = VECTOR ( 'NONE', #1258, 39.37007874015748100 ) ;
#1846 = CARTESIAN_POINT ( 'NONE',  ( 0.7830629921259847400, 0.0000000000000000000, 2.139763779527559300 ) ) ;
#1847 = LINE ( 'NONE', #1458, #1571 ) ;
#1848 = DIRECTION ( 'NONE',  ( -0.0000000000000000000, -1.000000000000000000, -0.0000000000000000000 ) ) ;
#1849 = VECTOR ( 'NONE', #730, 39.37007874015748100 ) ;
#1850 = DIRECTION ( 'NONE',  ( 2.220446049250313100E-016, 1.000000000000000000, 1.718492138283435900E-016 ) ) ;
#1851 = EDGE_CURVE ( 'NONE', #1393, #1655, #263, .T. ) ;
#1852 = EDGE_LOOP ( 'NONE', ( #635, #445, #1854, #78 ) ) ;
#1853 = AXIS2_PLACEMENT_3D ( 'NONE', #1240, #1667, #796 ) ;
#1854 = ORIENTED_EDGE ( 'NONE', *, *, #871, .T. ) ;
#1855 = CARTESIAN_POINT ( 'NONE',  ( 0.7830629921259847400, -0.1000000000000005100, -2.139763779527559300 ) ) ;
#1856 = PRODUCT_DEFINITION ( 'UNKNOWN', '', #1509, #809 ) ;
#1857 = ORIENTED_EDGE ( 'NONE', *, *, #735, .T. ) ;
#1858 = ORIENTED_EDGE ( 'NONE', *, *, #158, .F. ) ;
#1859 = CARTESIAN_POINT ( 'NONE',  ( 3.835031496062993700, 0.1999999999999994000, 1.072047244094487500 ) ) ;
#1860 = EDGE_LOOP ( 'NONE', ( #1652, #1491 ) ) ;
#1861 = PLANE ( 'NONE',  #1159 ) ;
#1862 = ORIENTED_EDGE ( 'NONE', *, *, #51, .T. ) ;
#1863 = DIRECTION ( 'NONE',  ( -0.0000000000000000000, 1.000000000000000000, -0.0000000000000000000 ) ) ;
#1864 = LINE ( 'NONE', #1350, #242 ) ;
#1865 = DIRECTION ( 'NONE',  ( 0.0000000000000000000, 0.0000000000000000000, 1.000000000000000000 ) ) ;
#1866 = LINE ( 'NONE', #1417, #876 ) ;
#1867 = DIRECTION ( 'NONE',  ( 0.0000000000000000000, -0.0000000000000000000, -1.000000000000000000 ) ) ;
ENDSEC;
END-ISO-10303-21;
